task_id,task_length_minutes,priority,category,due_in_days,reminders_set,past_completion_rate,is_weekend,day_of_week,dead_urgency,user_busy_level,completed
1,107,low,personal,6,1,0.65,1,1,medium,medium,1
2,97,low,study,4,1,0.2,0,0,low,high,1
3,19,high,health,9,0,0.26,1,2,medium,low,1
4,111,low,personal,13,1,0.91,1,6,low,medium,0
5,76,high,health,13,0,0.26,1,1,medium,high,0
6,25,medium,health,5,0,0.77,0,0,medium,medium,1
7,107,low,study,12,1,0.94,1,6,high,medium,1
8,126,medium,chores,11,0,0.42,1,3,medium,medium,1
9,79,medium,personal,7,0,0.5,0,5,low,medium,1
10,92,medium,study,8,0,0.66,1,5,high,low,0
11,121,high,health,0,0,0.91,0,1,low,high,1
12,104,medium,study,2,0,0.95,1,1,high,medium,0
13,108,medium,chores,10,0,0.79,0,6,low,high,0
14,156,medium,personal,6,1,0.27,0,0,high,low,1
15,135,low,chores,5,0,0.74,1,5,low,high,0
16,154,low,work,6,0,0.53,1,1,low,high,1
17,57,high,personal,7,0,0.58,0,2,medium,low,0
18,6,high,chores,5,0,0.24,0,1,high,medium,0
19,92,low,health,2,1,0.35,1,5,high,high,0
20,162,high,personal,1,1,0.83,1,4,medium,high,1
21,42,low,personal,11,0,0.56,1,5,low,medium,0
22,134,medium,study,6,0,0.44,1,2,low,medium,0
23,25,medium,health,11,0,0.51,0,0,high,high,0
24,165,high,work,11,1,0.88,0,2,low,low,0
25,62,low,chores,11,1,0.8,0,4,high,medium,0
26,26,low,study,10,1,0.42,1,4,high,medium,0
27,93,high,chores,0,1,0.29,1,1,low,low,0
28,53,low,work,2,0,0.4,0,1,low,high,0
29,63,medium,work,11,1,0.94,0,5,low,medium,0
30,174,high,personal,10,1,0.67,0,3,medium,high,1
31,19,high,work,3,0,0.63,0,2,high,high,1
32,179,low,chores,12,0,0.68,0,5,low,high,0
33,55,high,health,13,1,0.49,0,3,medium,low,0
34,112,low,health,0,1,0.85,1,5,low,high,1
35,59,low,personal,4,1,0.62,0,4,high,high,1
36,68,low,chores,9,1,0.29,0,1,medium,medium,1
37,135,low,chores,2,0,0.3,0,1,high,medium,1
38,55,low,work,1,0,0.63,0,5,low,low,1
39,139,high,chores,2,1,0.95,0,1,low,low,1
40,25,medium,study,7,1,0.45,0,0,low,medium,0
41,77,medium,work,5,1,0.9,0,5,medium,medium,1
42,171,high,study,12,1,0.81,1,4,medium,low,0
43,22,high,personal,13,1,0.4,0,6,medium,high,0
44,136,medium,health,6,0,0.23,1,5,medium,low,0
45,93,medium,personal,11,0,0.28,1,5,low,high,0
46,64,medium,health,5,0,0.78,1,1,low,medium,1
47,18,medium,personal,5,1,0.36,0,4,low,medium,1
48,13,medium,chores,11,1,0.5,0,5,medium,medium,1
49,94,low,study,2,0,0.6,0,1,medium,high,0
50,57,high,health,11,0,0.78,0,2,low,low,1
51,134,low,work,12,1,0.29,0,4,low,high,0
52,88,medium,study,13,0,0.53,0,3,medium,low,1
53,96,medium,work,7,1,0.59,0,0,high,low,1
54,115,medium,study,11,1,0.63,0,3,low,low,0
55,176,low,study,6,0,0.85,0,6,low,medium,1
56,12,low,personal,6,0,0.34,0,4,low,low,1
57,179,medium,health,5,0,0.85,1,5,medium,medium,1
58,39,low,health,4,1,0.75,0,1,low,low,1
59,85,low,study,9,1,0.64,0,6,low,low,0
60,168,medium,chores,7,0,0.76,0,4,low,medium,1
61,54,low,chores,4,1,0.53,1,0,low,medium,1
62,108,high,work,8,1,0.31,0,4,low,high,0
63,136,high,work,8,1,0.73,0,6,high,low,1
64,6,high,personal,0,0,0.62,1,1,high,medium,1
65,138,high,study,5,1,0.71,0,3,low,high,1
66,58,medium,work,6,0,0.47,1,2,low,high,0
67,110,medium,work,2,0,0.93,1,3,low,medium,1
68,8,medium,study,6,1,0.67,1,1,low,low,1
69,58,high,personal,10,0,0.27,1,6,medium,high,1
70,150,high,work,10,1,0.56,0,1,medium,low,1
71,48,low,personal,6,0,0.81,1,0,medium,low,0
72,166,low,health,13,0,0.84,1,4,high,high,0
73,18,high,personal,12,1,0.6,0,4,low,medium,1
74,99,high,chores,10,0,0.92,0,3,medium,low,1
75,52,high,chores,1,0,0.41,0,6,low,medium,0
76,19,high,personal,6,0,0.53,1,2,low,high,0
77,44,low,chores,0,1,0.92,0,2,high,low,0
78,86,high,health,4,1,0.92,1,0,high,medium,1
79,115,low,study,8,0,0.75,1,1,medium,medium,1
80,57,high,chores,6,0,0.89,0,0,medium,low,1
81,28,high,chores,6,0,0.27,0,4,high,medium,1
82,158,high,personal,10,1,0.89,0,5,high,medium,1
83,128,low,health,12,1,0.46,0,5,low,high,0
84,45,low,study,11,0,0.34,0,5,low,high,0
85,161,medium,personal,1,1,0.39,0,1,medium,medium,1
86,19,high,personal,7,1,0.53,1,0,medium,medium,1
87,49,medium,health,2,1,0.4,1,6,high,low,1
88,69,medium,study,7,1,0.46,0,3,medium,high,0
89,93,low,health,2,0,0.31,1,4,low,low,0
90,75,low,study,9,1,0.44,1,5,high,medium,0
91,13,medium,health,6,1,0.66,1,6,low,low,1
92,92,high,personal,1,0,0.55,1,2,high,medium,1
93,133,low,personal,3,0,0.48,1,0,high,high,1
94,140,high,work,10,1,0.8,1,4,low,high,1
95,67,high,chores,5,1,0.91,0,4,medium,medium,1
96,143,medium,health,10,0,0.81,0,2,medium,high,0
97,85,medium,work,8,0,0.47,0,2,medium,medium,0
98,140,medium,chores,4,0,0.8,1,2,medium,low,0
99,167,medium,health,12,1,0.32,0,5,low,medium,0
100,167,low,study,8,1,0.3,0,5,high,low,1
101,37,low,chores,4,0,0.48,0,0,low,medium,0
102,127,medium,personal,9,1,0.85,1,2,medium,high,0
103,9,low,work,7,0,0.4,0,3,medium,medium,0
104,45,medium,chores,12,1,0.25,1,4,low,medium,0
105,32,high,chores,12,0,0.31,0,2,high,medium,1
106,139,high,personal,0,0,0.89,0,4,low,high,1
107,76,high,health,6,1,0.71,0,1,low,medium,0
108,16,medium,study,3,1,0.4,1,6,low,high,1
109,166,high,personal,4,1,0.64,1,1,high,medium,1
110,37,low,study,5,1,0.62,1,2,low,low,0
111,52,high,health,4,1,0.72,1,4,low,medium,1
112,155,high,chores,11,1,0.39,1,6,medium,low,0
113,66,high,study,0,0,0.89,0,1,low,high,0
114,41,low,work,11,1,0.45,0,2,medium,high,0
115,103,medium,work,8,0,0.76,1,4,medium,medium,0
116,176,low,personal,1,0,0.21,1,2,medium,high,0
117,108,medium,health,8,1,0.5,0,5,high,medium,1
118,39,medium,personal,9,0,0.48,1,4,medium,high,0
119,105,high,personal,1,0,0.63,0,1,low,low,1
120,179,medium,personal,8,1,0.26,1,2,low,high,1
121,135,low,work,5,1,0.83,0,1,medium,low,1
122,5,low,work,10,1,0.37,1,2,medium,medium,1
123,9,medium,personal,8,0,0.74,1,0,low,medium,1
124,146,high,work,12,1,0.84,0,1,medium,medium,0
125,107,high,health,5,1,0.65,0,1,high,low,1
126,31,low,personal,5,1,0.79,1,3,medium,medium,1
127,141,high,work,12,1,0.73,1,6,high,medium,0
128,19,medium,study,10,0,0.48,0,5,high,low,1
129,94,medium,personal,13,1,0.85,1,1,high,high,0
130,46,low,personal,1,0,0.44,0,4,medium,medium,1
131,128,medium,health,7,1,0.66,0,6,high,high,1
132,67,low,chores,2,0,0.8,1,2,high,high,1
133,100,medium,chores,6,0,0.5,0,0,medium,medium,0
134,56,low,health,4,0,0.44,0,4,high,medium,1
135,100,high,health,2,1,0.57,1,6,medium,low,1
136,136,medium,health,0,0,0.85,0,4,low,low,0
137,155,medium,chores,7,1,0.94,0,4,high,medium,0
138,147,low,health,2,1,0.64,0,4,medium,high,0
139,175,low,work,1,1,0.73,0,6,low,low,1
140,33,medium,personal,0,1,0.92,1,0,high,low,1
141,40,low,personal,3,1,0.28,0,3,high,medium,0
142,17,medium,study,12,0,0.39,1,5,medium,medium,0
143,164,high,study,7,1,0.77,0,1,low,medium,1
144,75,low,personal,12,0,0.86,1,6,medium,medium,0
145,90,medium,work,2,0,0.89,0,4,high,low,1
146,32,high,chores,13,0,0.53,1,1,high,low,1
147,70,high,chores,0,0,0.27,0,6,high,low,0
148,174,medium,work,3,0,0.55,0,1,high,high,1
149,49,low,chores,8,0,0.38,0,4,low,low,1
150,66,medium,health,12,0,0.43,0,3,low,low,0
151,138,high,personal,0,1,0.82,1,6,medium,medium,0
152,32,medium,personal,11,0,0.26,1,1,medium,low,1
153,32,low,work,13,1,0.86,0,2,medium,low,0
154,112,high,chores,10,0,0.54,1,1,high,low,0
155,48,medium,study,1,0,0.68,0,5,medium,medium,1
156,88,low,study,8,0,0.27,0,4,low,low,0
157,34,high,chores,1,0,0.47,1,0,medium,low,0
158,79,low,study,12,1,0.27,1,1,medium,high,0
159,132,high,work,2,1,0.97,1,3,low,high,1
160,96,medium,work,6,1,0.85,0,2,low,high,0
161,133,low,chores,2,0,0.57,0,2,high,high,0
162,125,high,study,8,0,0.38,1,0,low,medium,0
163,31,low,work,5,0,0.95,0,5,low,high,1
164,125,low,work,2,1,0.48,1,0,medium,low,0
165,120,medium,health,8,0,0.33,1,5,low,high,0
166,7,low,health,0,1,0.65,1,1,high,medium,0
167,107,high,work,9,1,0.96,1,4,medium,high,1
168,159,high,chores,2,0,0.2,1,3,high,high,1
169,141,high,personal,0,0,0.39,1,2,low,medium,1
170,66,high,personal,1,1,0.95,0,0,high,medium,1
171,169,medium,work,11,1,0.34,0,3,high,medium,0
172,55,low,work,7,1,0.29,1,5,low,medium,1
173,176,medium,work,6,0,0.66,1,4,low,medium,1
174,156,low,chores,1,0,0.89,1,2,medium,medium,0
175,63,low,health,1,0,0.58,0,2,medium,low,1
176,122,low,work,8,0,1.0,1,5,medium,high,1
177,164,medium,work,12,0,0.74,1,4,low,high,0
178,100,low,study,12,0,0.26,1,2,high,medium,1
179,117,medium,chores,5,1,0.99,0,4,high,medium,0
180,66,high,work,4,1,0.53,1,2,medium,low,1
181,56,high,study,9,1,0.43,0,1,medium,low,1
182,16,low,personal,5,0,0.65,0,5,low,medium,1
183,43,medium,work,8,1,0.44,1,4,high,low,0
184,134,high,work,10,0,0.27,0,3,medium,low,1
185,135,medium,study,6,0,0.2,0,1,low,medium,0
186,117,medium,chores,9,1,0.56,0,6,medium,medium,0
187,105,low,work,9,0,0.87,1,3,low,medium,1
188,117,high,personal,13,1,0.66,0,5,high,medium,1
189,85,low,work,8,1,1.0,1,2,low,high,1
190,117,low,personal,3,0,0.43,1,6,medium,high,0
191,6,high,health,1,1,0.42,1,3,medium,medium,1
192,134,high,health,11,1,0.33,0,1,high,low,0
193,58,medium,personal,7,1,0.33,1,6,high,medium,1
194,91,high,chores,3,1,0.43,0,6,medium,high,1
195,133,medium,work,12,0,0.83,0,4,medium,low,1
196,151,medium,work,8,1,0.92,0,0,medium,high,0
197,130,medium,health,3,1,0.98,0,3,high,medium,1
198,134,high,personal,7,1,0.39,1,0,medium,high,1
199,57,low,work,8,0,0.91,1,5,high,high,1
200,176,medium,work,12,1,0.46,0,3,medium,high,0
201,164,low,chores,8,0,0.29,1,3,low,low,0
202,164,low,study,9,1,0.9,1,4,low,high,0
203,72,high,health,3,1,0.71,1,2,medium,low,1
204,127,low,health,0,1,0.33,0,1,low,medium,0
205,149,low,study,2,0,0.54,1,1,high,medium,1
206,42,high,work,8,0,0.43,0,1,low,high,1
207,28,medium,chores,3,0,0.79,1,5,low,low,0
208,73,low,chores,4,0,0.56,0,6,high,medium,1
209,120,high,health,6,0,0.99,0,2,low,low,1
210,102,low,chores,4,0,0.24,0,0,low,low,0
211,143,low,study,3,1,0.48,1,1,medium,high,0
212,148,medium,work,1,0,0.59,0,0,high,high,0
213,101,low,study,1,1,0.6,1,2,high,low,0
214,128,high,personal,12,0,0.45,0,5,medium,low,0
215,74,low,health,12,0,0.78,1,2,medium,high,0
216,97,medium,chores,3,0,0.9,0,4,low,low,1
217,7,medium,personal,9,1,0.95,1,6,low,high,0
218,152,high,chores,12,0,0.84,0,1,low,low,1
219,168,medium,work,9,0,0.88,0,5,medium,high,0
220,151,low,work,12,1,0.64,0,4,high,low,0
221,94,medium,work,8,1,0.86,1,1,low,high,0
222,151,high,chores,7,1,0.44,0,2,medium,low,0
223,152,medium,personal,2,1,0.52,0,2,high,medium,1
224,100,medium,work,13,0,0.45,0,3,medium,medium,0
225,56,medium,personal,8,1,0.57,0,3,low,low,0
226,165,high,chores,13,0,0.43,1,2,medium,medium,0
227,172,medium,personal,4,0,0.97,0,2,medium,low,0
228,132,medium,chores,10,1,0.45,0,0,medium,low,0
229,43,low,chores,2,0,0.28,1,6,medium,medium,0
230,86,high,health,4,1,0.62,1,0,high,low,1
231,108,medium,chores,12,0,0.25,1,6,low,high,0
232,133,high,chores,9,1,0.29,0,4,high,low,1
233,15,medium,study,12,1,0.38,1,3,medium,low,1
234,155,medium,work,3,1,0.57,1,3,medium,medium,1
235,163,medium,health,7,1,0.55,1,2,low,high,0
236,46,low,health,12,1,0.84,0,2,low,low,0
237,103,low,health,11,1,0.79,0,4,high,low,1
238,11,low,study,4,0,0.54,0,5,high,low,0
239,148,high,chores,9,0,0.47,1,5,low,low,1
240,94,high,work,11,0,0.45,0,5,high,low,0
241,116,low,personal,7,1,0.82,1,3,medium,low,1
242,64,high,chores,8,0,0.24,1,0,medium,high,1
243,117,medium,study,3,1,0.21,1,5,low,high,1
244,6,medium,chores,6,0,0.84,0,1,high,low,0
245,133,medium,chores,1,0,0.58,1,4,medium,low,0
246,52,low,study,5,1,0.3,1,5,low,medium,0
247,144,high,health,7,0,0.39,0,1,high,high,0
248,41,low,health,11,0,0.95,1,5,medium,high,0
249,164,high,work,6,0,0.89,1,0,high,low,1
250,13,medium,work,6,1,0.77,1,0,high,high,1
251,103,low,health,7,0,0.59,0,5,high,high,0
252,151,high,personal,6,1,0.62,1,1,low,medium,0
253,52,high,chores,4,0,0.98,0,4,medium,medium,1
254,135,medium,personal,6,0,0.97,0,1,low,high,1
255,152,low,chores,12,0,0.37,1,4,medium,high,1
256,156,low,health,13,0,0.85,1,5,medium,high,1
257,58,low,work,9,1,0.36,1,4,low,low,1
258,124,medium,work,2,0,0.37,1,2,low,medium,0
259,165,low,personal,4,1,0.74,0,3,medium,low,0
260,156,medium,work,6,1,0.52,0,6,medium,medium,1
261,120,medium,health,8,0,0.95,1,3,medium,medium,0
262,79,medium,personal,1,0,0.27,0,0,high,medium,0
263,117,high,chores,3,1,0.61,1,2,medium,high,0
264,168,low,work,11,1,0.93,1,3,low,medium,0
265,170,low,study,6,0,0.92,1,5,low,low,0
266,108,medium,work,0,0,0.33,1,4,low,medium,0
267,88,medium,chores,12,0,0.49,0,4,medium,low,1
268,116,low,personal,1,0,0.7,0,1,medium,medium,0
269,103,medium,chores,8,0,0.33,1,1,high,medium,0
270,157,low,study,12,1,0.97,1,4,high,high,0
271,97,high,health,9,0,0.93,0,5,low,low,1
272,150,medium,work,6,0,0.33,0,4,high,medium,0
273,132,low,personal,11,1,0.3,0,1,high,medium,0
274,114,medium,health,9,0,0.27,1,3,low,low,0
275,86,low,chores,6,0,0.93,0,0,medium,medium,1
276,58,low,personal,5,1,0.35,1,1,high,high,1
277,167,medium,health,2,0,0.53,1,5,medium,low,0
278,173,high,personal,9,1,0.56,0,3,low,high,1
279,165,low,study,2,0,0.68,1,3,low,low,1
280,72,low,study,1,0,0.26,0,3,high,low,1
281,37,low,work,10,0,0.38,1,2,low,low,0
282,146,high,work,5,1,0.95,1,2,low,medium,1
283,25,high,study,3,1,0.93,1,6,low,low,1
284,52,medium,personal,4,1,0.83,1,3,high,low,1
285,152,high,study,2,1,0.22,1,5,high,low,1
286,132,medium,work,5,0,0.46,1,4,high,high,0
287,140,medium,study,10,1,0.7,0,5,low,low,0
288,139,high,study,11,1,0.42,0,2,medium,medium,1
289,149,medium,personal,2,1,0.93,1,1,low,low,1
290,132,high,health,13,0,0.71,0,6,high,low,0
291,37,medium,work,13,0,0.26,1,2,medium,high,0
292,119,high,personal,7,1,0.93,0,4,medium,medium,1
293,123,high,study,8,1,0.97,0,0,high,medium,1
294,26,medium,study,3,0,0.26,1,6,medium,medium,0
295,162,low,health,8,1,0.63,0,2,medium,low,0
296,42,medium,work,11,1,0.44,1,5,high,low,0
297,113,high,work,6,1,0.51,0,6,medium,medium,1
298,55,low,chores,2,1,0.34,1,5,medium,medium,1
299,12,medium,work,6,0,0.66,0,3,high,high,1
300,31,medium,health,13,0,0.97,1,3,medium,medium,1
301,31,medium,chores,0,0,0.6,0,3,medium,low,1
302,25,low,chores,2,1,0.27,1,6,medium,low,0
303,34,high,study,5,1,0.7,0,0,medium,low,0
304,101,medium,study,3,0,0.47,1,4,high,high,1
305,32,medium,work,6,0,0.88,0,6,low,medium,0
306,115,medium,chores,13,0,0.55,1,1,low,low,0
307,65,medium,study,2,1,0.35,0,5,medium,high,1
308,52,medium,health,0,0,0.35,1,5,high,high,0
309,151,high,study,8,1,0.82,1,6,high,low,0
310,8,high,study,5,1,0.41,1,6,medium,high,1
311,39,medium,chores,7,0,0.81,1,4,low,high,1
312,53,low,chores,2,0,0.36,0,0,medium,low,0
313,21,high,personal,7,1,0.46,0,6,high,high,1
314,176,low,health,1,0,0.57,0,3,high,low,0
315,162,high,chores,11,0,0.95,1,4,low,low,1
316,50,medium,work,3,1,0.95,1,1,high,high,1
317,121,high,health,2,1,0.37,1,3,high,low,1
318,10,medium,health,9,1,0.49,1,1,high,low,1
319,103,high,chores,0,1,0.32,1,2,low,medium,1
320,128,medium,health,12,1,0.61,0,1,high,low,0
321,41,medium,chores,12,0,0.57,0,3,medium,medium,0
322,28,medium,study,6,1,0.92,0,2,low,medium,1
323,97,medium,personal,10,1,0.94,1,3,medium,medium,0
324,50,low,study,9,1,0.51,1,5,medium,medium,1
325,99,medium,chores,1,0,0.59,1,3,low,high,0
326,103,low,chores,3,1,0.92,1,2,medium,high,1
327,120,low,study,8,1,0.85,1,1,low,low,0
328,164,medium,work,5,1,0.2,1,5,medium,low,0
329,165,low,work,7,0,0.46,1,0,low,low,0
330,71,high,work,1,1,0.54,0,0,high,high,1
331,132,medium,chores,6,1,0.38,0,0,high,medium,1
332,22,low,health,5,1,0.36,1,0,medium,high,1
333,29,medium,chores,12,0,0.23,1,4,high,high,0
334,58,medium,health,13,0,0.71,1,0,low,low,0
335,62,medium,study,8,0,0.41,0,2,medium,low,1
336,71,low,personal,6,0,0.24,0,6,high,low,0
337,108,high,health,0,1,0.38,1,0,high,medium,0
338,178,high,work,13,1,0.84,0,3,medium,medium,0
339,28,low,chores,7,0,0.88,0,6,high,high,1
340,118,medium,study,10,0,0.59,0,0,high,medium,1
341,36,low,work,9,1,0.53,1,6,medium,low,0
342,179,low,study,2,1,0.98,0,1,high,medium,0
343,90,low,personal,13,0,0.36,0,2,high,medium,0
344,155,medium,chores,1,0,0.37,1,2,high,medium,0
345,131,low,chores,11,0,0.43,1,6,high,medium,0
346,159,medium,personal,2,0,0.34,0,5,medium,low,0
347,134,low,chores,10,1,0.5,1,4,low,low,0
348,21,high,health,5,0,0.93,0,3,low,high,0
349,108,low,study,12,0,0.69,0,6,high,high,1
350,165,low,work,13,1,0.53,1,2,high,high,0
351,141,high,personal,2,1,0.95,1,1,low,medium,1
352,47,medium,health,9,1,0.24,0,0,high,medium,1
353,43,medium,work,4,1,0.37,1,2,low,low,1
354,174,low,work,5,1,0.65,1,1,medium,high,1
355,30,high,personal,7,0,0.69,0,0,medium,low,1
356,103,medium,health,6,0,0.23,0,4,medium,high,0
357,54,low,work,13,0,0.52,0,2,medium,high,0
358,157,high,work,10,1,0.72,0,2,medium,high,0
359,156,medium,health,7,0,0.76,0,6,medium,medium,1
360,17,medium,chores,2,1,0.71,0,6,low,high,1
361,64,high,work,3,0,0.46,1,1,high,high,0
362,139,high,study,5,0,0.27,1,5,low,medium,1
363,61,high,health,10,1,0.54,0,6,medium,high,1
364,40,high,work,6,1,0.3,1,3,high,medium,1
365,177,low,personal,8,0,0.96,1,4,high,medium,0
366,24,high,study,12,0,0.58,0,3,medium,low,1
367,69,medium,work,0,0,0.45,1,2,medium,medium,0
368,12,medium,study,12,0,0.81,1,3,medium,medium,0
369,148,low,study,7,0,0.6,0,0,medium,medium,0
370,146,medium,chores,7,1,0.45,1,4,medium,high,0
371,119,medium,study,5,1,0.85,1,3,medium,low,0
372,147,high,chores,3,1,0.89,0,0,high,high,1
373,96,medium,health,2,1,0.74,1,1,medium,medium,0
374,102,low,chores,10,0,0.24,1,3,medium,medium,1
375,70,high,personal,2,0,0.65,1,4,high,low,1
376,36,high,work,5,1,0.81,0,0,low,low,1
377,90,low,health,12,0,0.31,0,3,medium,medium,0
378,55,high,health,7,1,0.38,1,1,high,medium,0
379,157,high,personal,6,0,0.91,1,3,high,high,1
380,67,low,chores,10,0,0.22,0,0,low,medium,0
381,129,high,work,0,0,0.8,0,3,medium,high,1
382,154,low,chores,10,1,0.58,1,4,medium,low,1
383,62,low,study,5,1,0.56,0,2,medium,high,0
384,62,medium,chores,6,1,0.21,1,0,high,medium,1
385,90,medium,health,11,1,0.86,1,0,medium,high,1
386,53,high,work,6,0,0.49,0,0,medium,high,0
387,174,high,chores,8,0,0.63,0,0,medium,low,1
388,74,low,work,10,0,0.74,1,3,medium,high,0
389,19,high,work,10,0,0.76,1,4,low,medium,1
390,58,low,study,9,1,0.96,0,1,low,high,0
391,105,low,study,4,0,0.63,1,4,low,high,1
392,12,high,health,0,0,0.52,0,0,medium,high,0
393,57,low,personal,1,0,0.96,0,5,medium,medium,1
394,64,medium,work,3,1,0.71,0,3,high,high,1
395,112,high,personal,4,1,0.44,0,5,high,medium,1
396,9,medium,health,8,1,0.3,0,3,high,high,1
397,107,high,work,10,0,0.87,1,0,medium,low,1
398,10,low,work,0,1,0.49,0,3,low,low,1
399,113,high,personal,2,0,0.73,0,0,low,low,0
400,120,medium,chores,4,0,0.58,0,4,low,medium,0
401,98,low,study,2,0,0.36,0,6,medium,medium,0
402,51,high,chores,3,1,0.68,0,2,low,medium,0
403,103,high,personal,13,1,0.25,0,3,high,high,1
404,59,high,study,2,0,0.53,0,0,high,medium,1
405,172,medium,chores,3,0,0.64,1,5,low,medium,0
406,56,medium,study,13,1,0.55,1,0,high,medium,1
407,148,high,work,12,1,0.8,1,5,low,medium,1
408,17,low,chores,12,1,0.86,1,3,low,low,0
409,118,low,study,0,0,0.82,0,1,high,high,1
410,128,medium,study,11,0,0.23,1,5,high,low,1
411,110,low,study,7,0,0.36,0,0,high,high,0
412,162,medium,chores,3,1,0.63,1,3,high,high,1
413,151,high,health,6,1,0.95,1,0,low,low,1
414,149,medium,chores,1,1,0.87,0,1,high,medium,0
415,124,medium,personal,1,0,0.87,0,2,high,low,1
416,67,high,chores,5,0,0.44,1,6,medium,high,0
417,23,low,study,13,1,0.54,1,6,high,high,1
418,96,medium,work,1,0,0.58,1,1,high,medium,1
419,62,medium,chores,5,1,0.33,1,4,low,low,0
420,94,high,chores,10,0,0.22,0,3,low,high,0
421,121,low,study,1,1,0.96,1,1,medium,low,0
422,66,medium,work,3,0,0.39,1,2,high,medium,1
423,27,high,work,6,0,0.39,1,0,high,medium,0
424,131,medium,personal,7,1,0.27,1,3,high,high,1
425,141,high,chores,2,1,0.94,1,5,high,medium,1
426,144,low,work,13,1,0.66,0,1,high,high,1
427,133,low,work,12,1,0.73,0,2,high,high,1
428,62,low,health,8,1,0.93,0,1,medium,medium,0
429,126,low,health,1,0,0.48,0,4,high,medium,1
430,5,medium,work,7,1,0.7,0,6,high,low,1
431,38,medium,personal,7,1,0.23,1,6,high,low,0
432,100,low,work,12,1,0.35,0,3,medium,high,0
433,130,low,study,13,0,0.86,0,0,high,low,0
434,122,low,chores,3,1,0.81,1,2,medium,high,1
435,52,medium,personal,0,1,0.48,0,1,low,medium,1
436,93,low,study,12,1,0.5,0,3,high,medium,0
437,121,low,personal,0,0,0.63,0,1,medium,low,0
438,133,low,study,1,0,0.2,0,3,low,high,0
439,20,high,chores,13,1,0.39,1,6,medium,high,1
440,73,low,chores,11,0,0.37,1,4,medium,low,0
441,26,high,health,13,1,0.4,0,1,low,high,0
442,97,high,study,8,0,0.84,1,4,high,high,1
443,80,low,health,12,1,0.42,0,5,high,medium,1
444,158,high,study,1,0,0.35,1,5,medium,high,0
445,148,low,health,1,1,0.6,1,6,low,high,1
446,90,medium,chores,5,1,0.89,1,2,high,high,0
447,33,medium,personal,6,0,0.39,1,4,medium,low,0
448,73,medium,health,12,1,0.26,1,3,low,low,0
449,51,medium,study,6,1,0.49,1,2,medium,low,0
450,98,high,study,12,1,0.8,1,1,low,high,0
451,148,low,chores,8,1,0.64,1,1,high,high,1
452,89,low,study,5,0,0.85,1,3,high,low,0
453,43,low,work,13,1,0.97,1,0,medium,low,0
454,104,medium,personal,7,0,0.83,1,0,high,high,1
455,37,medium,health,10,0,0.68,0,1,high,high,0
456,105,low,personal,5,0,0.59,1,6,low,medium,0
457,27,medium,chores,1,0,0.23,0,6,high,low,0
458,14,low,health,0,1,0.99,1,3,low,high,1
459,73,low,health,4,1,0.51,0,0,low,low,0
460,104,low,work,13,0,0.32,0,4,medium,low,0
461,38,low,chores,8,1,0.73,0,1,low,low,0
462,142,low,study,7,0,0.43,1,5,high,medium,0
463,151,low,work,13,1,0.67,1,4,low,high,1
464,100,low,work,12,1,0.67,1,3,low,high,1
465,5,medium,personal,3,1,0.56,1,5,medium,low,1
466,73,low,personal,4,0,0.87,0,4,high,high,1
467,8,low,personal,12,0,0.41,1,0,high,medium,0
468,20,medium,work,4,1,0.56,1,6,high,low,0
469,28,medium,study,5,0,0.63,1,0,low,medium,0
470,84,medium,health,2,0,0.73,1,5,high,medium,1
471,6,low,personal,4,1,0.83,1,2,high,high,0
472,132,high,study,1,0,0.52,1,6,low,high,0
473,164,high,chores,9,1,0.72,1,1,medium,medium,1
474,88,medium,personal,0,1,0.32,1,5,medium,high,0
475,156,high,health,10,1,0.95,0,3,low,medium,1
476,144,medium,chores,0,0,0.51,0,1,medium,medium,1
477,167,low,chores,9,1,0.78,1,4,medium,low,1
478,128,high,health,6,1,0.22,1,6,medium,medium,1
479,37,low,personal,1,0,0.36,1,3,high,medium,1
480,165,high,work,3,0,0.59,1,3,medium,high,0
481,175,low,health,4,0,0.9,0,0,high,low,0
482,105,high,health,6,0,0.62,0,4,medium,high,1
483,16,low,health,1,1,0.94,1,0,high,low,1
484,71,low,chores,13,0,0.59,0,0,low,high,0
485,69,high,study,5,0,0.59,0,6,low,medium,1
486,165,low,work,0,0,0.3,1,2,medium,low,0
487,172,low,personal,6,0,0.84,1,0,high,low,1
488,78,low,personal,8,1,0.4,1,1,low,low,0
489,47,high,study,4,0,0.92,0,3,low,low,1
490,48,high,health,4,1,0.93,0,6,low,high,1
491,33,low,work,3,0,0.95,1,0,low,high,1
492,145,low,personal,2,1,0.62,1,5,medium,low,0
493,16,high,personal,8,1,0.74,0,1,high,low,0
494,99,high,health,4,0,0.82,0,4,low,low,1
495,50,low,study,7,1,0.3,1,3,medium,high,0
496,134,low,work,8,0,0.68,0,6,low,low,0
497,39,low,study,4,1,0.23,1,5,low,low,1
498,85,medium,study,9,1,0.6,1,6,low,low,1
499,94,high,work,8,1,0.32,0,6,low,high,1
500,12,medium,work,1,0,0.35,0,5,medium,medium,0
501,97,high,personal,8,1,0.49,0,4,high,medium,1
502,158,high,personal,10,0,0.55,1,5,medium,high,1
503,94,high,work,3,1,0.7,1,1,medium,medium,1
504,166,high,chores,5,1,0.26,1,6,medium,low,1
505,119,high,personal,5,1,0.6,1,4,low,low,1
506,109,high,chores,5,1,0.35,1,6,high,high,1
507,139,high,work,1,1,0.66,1,5,low,high,0
508,62,medium,personal,6,1,0.71,0,4,medium,medium,1
509,118,low,study,12,0,0.65,1,4,low,medium,0
510,79,low,work,5,0,0.79,1,0,high,low,1
511,161,medium,health,10,0,0.47,1,0,high,high,0
512,124,medium,chores,13,1,0.81,1,0,low,medium,1
513,168,medium,work,0,0,0.55,0,5,medium,medium,1
514,25,medium,work,1,1,0.59,1,3,low,low,0
515,168,high,personal,6,0,0.72,0,1,medium,low,0
516,142,low,personal,0,0,0.21,0,5,high,low,0
517,105,high,personal,0,1,0.72,1,6,low,low,1
518,156,low,health,0,1,0.69,1,0,high,medium,1
519,103,low,personal,7,0,0.45,0,4,medium,high,0
520,40,medium,work,3,0,0.27,0,5,medium,high,0
521,100,high,personal,3,0,0.27,1,4,low,low,1
522,156,medium,study,12,0,0.94,0,6,low,low,1
523,155,high,personal,1,1,0.75,1,4,low,medium,1
524,41,low,health,10,0,0.3,1,4,high,low,1
525,16,medium,study,10,1,0.49,0,2,medium,high,1
526,117,medium,work,10,1,0.67,1,3,medium,low,1
527,17,low,work,0,0,0.87,1,1,high,high,1
528,27,low,chores,11,1,0.23,1,1,low,low,0
529,103,low,study,9,0,0.39,0,0,low,low,0
530,109,medium,chores,8,1,0.91,0,2,high,high,1
531,34,high,study,6,1,0.21,0,5,medium,medium,1
532,21,medium,study,3,0,0.36,1,5,medium,medium,0
533,117,high,health,11,1,0.97,0,1,medium,low,1
534,66,medium,chores,5,1,0.69,0,3,medium,low,0
535,88,medium,health,13,0,0.41,0,4,high,high,0
536,116,low,study,1,1,0.25,1,6,medium,high,0
537,90,high,work,6,1,0.22,1,0,high,low,1
538,145,medium,study,1,0,0.4,0,3,low,high,1
539,23,medium,health,9,0,0.91,0,1,high,medium,0
540,104,low,chores,7,1,0.53,0,2,medium,medium,0
541,144,low,chores,7,1,0.78,1,0,low,high,1
542,151,high,health,0,1,0.93,0,1,high,high,1
543,80,medium,chores,12,0,0.53,1,5,high,high,0
544,13,high,personal,7,1,0.35,1,0,high,medium,1
545,32,medium,work,1,1,0.61,1,1,low,low,1
546,132,high,work,5,1,0.93,0,5,high,high,1
547,56,low,work,12,1,0.84,0,6,medium,high,1
548,87,medium,chores,0,1,0.25,1,5,low,high,0
549,115,high,chores,4,1,0.75,1,4,low,low,0
550,148,low,study,10,0,0.66,1,2,high,high,0
551,121,low,study,6,0,0.93,1,4,medium,high,0
552,73,high,work,12,1,0.3,0,1,low,medium,1
553,103,medium,personal,9,1,0.63,0,6,high,high,0
554,144,medium,study,0,0,0.9,1,3,medium,medium,0
555,29,low,study,1,0,0.53,1,6,high,low,0
556,127,medium,chores,6,0,0.59,1,6,high,high,1
557,57,medium,personal,5,1,0.26,0,6,low,high,1
558,155,medium,work,2,1,0.42,1,4,low,medium,1
559,148,low,study,13,1,0.46,0,3,high,low,0
560,61,high,personal,9,1,0.96,1,5,low,low,1
561,43,medium,personal,1,0,0.43,0,1,low,medium,1
562,113,low,work,9,0,0.57,0,2,medium,low,0
563,46,low,personal,3,0,0.74,1,3,medium,low,1
564,171,high,personal,2,0,0.33,0,1,high,low,1
565,146,medium,personal,6,1,0.59,0,3,high,low,0
566,126,medium,study,7,1,0.79,0,4,high,low,1
567,137,high,work,1,0,0.89,0,1,high,low,1
568,167,high,personal,9,0,0.7,1,4,medium,low,1
569,79,low,personal,6,0,0.74,1,0,low,low,1
570,150,low,study,7,0,0.3,1,1,medium,high,1
571,80,high,work,5,0,0.96,1,3,high,medium,1
572,13,medium,chores,5,1,0.31,1,0,high,low,0
573,78,low,study,9,1,0.82,0,4,medium,medium,1
574,149,low,work,0,0,0.41,0,4,medium,low,1
575,11,medium,personal,3,0,0.95,0,3,high,low,0
576,178,low,work,13,0,0.78,0,0,low,high,0
577,145,medium,work,0,1,0.8,1,6,high,medium,0
578,172,medium,work,3,1,0.38,1,5,medium,medium,1
579,174,medium,chores,1,1,0.55,0,2,high,high,1
580,141,high,work,10,0,0.69,1,3,high,high,0
581,31,high,chores,12,1,0.82,0,4,low,medium,1
582,126,high,personal,4,0,0.28,0,1,high,low,1
583,9,medium,chores,9,1,0.97,1,0,high,low,1
584,33,medium,personal,13,1,0.91,1,5,high,medium,0
585,169,high,personal,8,1,0.42,1,2,medium,low,1
586,170,low,chores,10,0,0.86,1,1,medium,high,1
587,87,medium,study,11,0,0.61,1,0,low,high,1
588,140,low,health,9,1,0.57,1,5,high,high,0
589,113,low,work,2,0,0.45,1,3,medium,medium,0
590,69,medium,health,7,0,0.66,0,5,low,medium,0
591,90,medium,work,2,0,0.78,1,3,high,medium,1
592,149,low,work,5,0,0.53,0,6,low,low,1
593,75,low,personal,3,0,0.7,0,0,low,medium,1
594,49,high,work,7,0,0.76,1,5,low,medium,1
595,136,high,work,10,0,0.77,0,2,low,high,1
596,40,medium,chores,5,1,0.24,1,5,low,low,1
597,74,high,health,7,0,0.89,0,0,low,low,1
598,163,high,chores,0,0,0.57,0,1,low,high,0
599,23,high,work,5,1,0.41,0,1,high,low,1
600,112,high,personal,0,1,0.39,1,5,high,medium,1
601,171,low,chores,0,1,0.59,0,5,low,low,0
602,95,medium,chores,7,1,0.91,0,3,high,high,1
603,94,high,study,6,0,0.5,0,0,low,low,0
604,23,low,work,2,1,0.8,1,3,high,high,0
605,43,low,personal,5,1,0.28,0,2,medium,medium,0
606,130,low,chores,8,0,0.58,1,6,low,medium,0
607,177,high,chores,6,0,0.99,0,1,medium,high,1
608,145,high,personal,11,0,0.82,0,4,low,medium,1
609,130,medium,work,2,1,0.37,0,4,low,medium,0
610,62,high,study,13,0,0.6,1,0,medium,low,1
611,152,high,chores,13,1,0.39,0,0,medium,medium,1
612,65,low,study,12,0,0.53,0,4,medium,high,0
613,131,medium,health,5,0,0.82,0,0,low,medium,0
614,109,high,work,10,1,0.82,0,1,medium,low,1
615,171,high,health,3,0,0.38,1,2,medium,high,0
616,5,low,health,13,0,0.94,0,2,high,medium,1
617,135,low,health,12,0,0.67,0,3,high,medium,1
618,96,high,work,2,0,0.5,0,1,medium,medium,1
619,117,medium,work,8,0,0.6,0,6,medium,high,0
620,157,medium,personal,9,1,0.68,1,0,medium,low,0
621,60,low,study,1,1,0.65,0,0,medium,high,1
622,165,low,study,0,0,0.59,0,6,high,high,0
623,170,high,personal,13,1,0.6,1,3,low,low,1
624,121,low,personal,1,1,0.34,0,3,medium,high,0
625,138,high,health,6,1,0.85,0,0,medium,high,1
626,62,medium,personal,9,0,0.63,0,0,high,medium,0
627,48,medium,chores,0,0,0.3,1,6,medium,high,0
628,177,high,study,5,0,0.81,0,1,medium,medium,1
629,164,low,personal,13,1,0.95,1,6,high,high,1
630,177,medium,chores,6,1,0.96,1,3,medium,medium,0
631,65,low,chores,8,0,0.5,1,6,medium,medium,0
632,51,medium,chores,13,0,0.31,1,6,high,medium,0
633,153,high,chores,7,1,0.61,1,6,low,low,1
634,84,high,health,5,1,0.29,1,1,medium,high,1
635,122,high,chores,2,0,0.95,1,5,medium,high,1
636,168,medium,health,7,1,0.35,0,0,low,high,0
637,151,low,health,6,1,0.4,0,4,high,low,0
638,24,low,chores,2,1,0.53,1,6,low,medium,0
639,150,low,study,8,1,0.51,1,4,medium,high,1
640,51,medium,chores,11,1,0.84,1,5,low,low,0
641,53,medium,chores,1,1,0.57,1,0,high,low,0
642,18,medium,chores,2,1,0.34,1,3,medium,high,1
643,147,medium,study,1,0,0.41,1,4,high,medium,1
644,163,medium,work,12,0,0.61,0,3,high,low,0
645,5,low,work,0,1,0.32,0,4,low,high,0
646,121,medium,health,3,1,0.69,1,3,low,medium,1
647,58,medium,health,4,1,0.65,1,6,high,low,1
648,122,low,study,12,0,0.77,1,4,high,low,1
649,7,medium,personal,5,0,0.95,0,3,medium,high,0
650,148,low,work,4,1,0.93,1,5,high,high,0
651,16,low,health,0,0,0.96,0,1,high,medium,1
652,78,high,work,2,1,0.4,0,3,low,high,1
653,20,high,study,0,1,0.31,0,1,high,high,1
654,106,high,study,10,1,0.44,1,1,high,medium,1
655,156,high,personal,4,1,0.92,1,0,low,high,1
656,160,medium,personal,4,1,0.98,0,6,medium,medium,1
657,121,high,study,11,1,0.89,0,5,low,medium,1
658,12,low,health,10,1,0.29,0,1,low,medium,0
659,126,medium,work,12,0,0.96,0,2,high,high,1
660,96,high,chores,5,1,0.54,1,6,high,medium,1
661,168,low,personal,7,0,0.21,0,1,medium,high,0
662,94,medium,chores,9,1,0.55,1,3,high,medium,1
663,140,medium,health,11,1,0.24,0,1,medium,high,0
664,64,high,personal,0,0,0.64,1,3,medium,medium,1
665,32,medium,chores,3,0,0.47,0,3,medium,low,0
666,105,low,health,9,1,0.58,1,2,medium,low,1
667,45,medium,work,10,0,0.69,1,1,high,low,1
668,159,low,health,0,1,0.9,1,1,low,medium,1
669,149,medium,personal,8,1,0.73,0,4,low,high,0
670,165,high,study,10,0,0.55,1,6,high,medium,1
671,161,low,work,6,0,0.86,0,4,high,medium,1
672,145,medium,chores,6,0,0.92,1,0,medium,medium,0
673,50,medium,personal,11,0,0.3,1,3,high,medium,1
674,39,medium,study,4,1,0.63,0,2,low,high,0
675,138,low,health,6,0,0.43,1,4,high,medium,0
676,86,low,study,11,0,0.24,1,1,high,low,1
677,119,low,personal,1,0,0.73,0,0,medium,low,0
678,51,high,personal,13,0,0.89,1,2,medium,low,0
679,157,high,study,12,0,0.33,1,5,medium,medium,1
680,14,low,health,3,1,0.85,1,1,medium,high,0
681,60,medium,study,13,1,0.88,1,1,low,high,1
682,34,high,personal,13,0,0.93,0,5,high,high,1
683,113,low,personal,6,0,0.41,1,3,high,medium,1
684,9,medium,chores,2,1,0.92,1,3,medium,high,1
685,123,high,chores,1,0,0.46,1,4,low,low,1
686,37,medium,work,9,1,0.64,1,4,low,high,1
687,122,medium,personal,1,1,0.24,1,1,high,medium,1
688,69,medium,chores,12,0,0.24,1,6,medium,medium,0
689,150,medium,study,0,1,0.78,1,1,high,high,1
690,15,high,health,4,0,0.56,1,4,high,medium,0
691,89,high,study,11,0,0.41,0,5,low,high,0
692,30,high,health,5,1,0.35,0,4,low,high,0
693,67,low,chores,5,1,0.74,0,1,high,low,1
694,90,high,work,8,0,0.2,0,2,medium,medium,0
695,63,medium,study,3,1,0.84,1,1,medium,low,0
696,31,high,study,0,0,0.26,1,2,high,medium,1
697,165,medium,study,5,1,0.35,0,2,high,high,1
698,102,low,health,4,1,0.51,0,1,medium,medium,1
699,109,medium,chores,9,0,0.59,0,6,medium,high,0
700,103,medium,study,5,0,0.48,1,6,medium,medium,0
701,133,medium,study,2,0,0.46,1,0,high,low,0
702,153,low,work,1,1,0.97,0,4,low,low,0
703,59,high,work,5,0,0.71,0,6,medium,high,1
704,10,high,chores,12,0,0.22,0,3,medium,low,0
705,99,low,chores,0,1,0.54,0,1,medium,high,0
706,137,medium,personal,6,1,0.9,0,2,high,high,1
707,106,high,work,6,0,0.44,1,1,low,high,1
708,7,low,personal,9,0,0.28,0,4,low,medium,0
709,27,high,health,12,0,0.81,1,5,medium,high,0
710,57,low,personal,6,0,0.68,0,6,high,low,1
711,169,medium,study,11,1,0.66,0,6,low,medium,0
712,87,high,personal,10,1,0.24,1,6,high,low,1
713,149,low,chores,9,0,0.31,0,2,low,high,1
714,89,high,health,0,0,0.7,1,3,medium,high,0
715,82,high,study,3,0,0.37,1,3,high,low,1
716,114,high,personal,12,1,0.6,0,6,medium,medium,0
717,5,high,health,6,0,0.64,0,3,low,low,1
718,55,low,health,10,0,0.43,1,5,low,high,0
719,177,medium,study,8,1,0.96,1,6,medium,medium,1
720,8,low,personal,4,1,0.87,0,0,low,high,1
721,117,low,health,12,0,0.78,1,2,medium,high,1
722,36,low,health,1,0,0.26,0,5,medium,low,0
723,38,medium,work,6,1,0.28,1,2,medium,high,0
724,96,high,health,9,0,0.59,0,6,low,low,1
725,99,high,work,0,0,0.33,1,5,high,medium,1
726,76,high,personal,6,1,0.98,1,6,medium,high,1
727,43,medium,personal,5,1,0.33,0,5,high,high,0
728,158,high,personal,6,1,0.59,1,6,low,medium,0
729,166,medium,chores,13,0,0.49,1,0,low,low,0
730,122,high,personal,12,1,0.71,1,2,high,high,1
731,7,high,health,9,1,0.3,1,5,medium,medium,1
732,127,low,study,2,0,0.54,1,0,low,high,1
733,54,medium,work,2,0,0.42,1,1,medium,low,0
734,16,low,chores,6,1,0.91,1,6,medium,low,1
735,58,low,personal,12,1,0.23,0,4,high,low,1
736,137,low,personal,1,0,0.93,1,5,low,low,1
737,61,medium,study,0,0,0.87,1,3,high,medium,1
738,149,medium,study,8,1,0.44,0,0,low,high,1
739,116,high,chores,8,1,0.83,1,0,high,medium,1
740,51,low,work,6,0,0.22,1,5,low,low,0
741,155,high,personal,6,1,0.97,0,0,low,low,1
742,89,low,chores,2,0,0.62,1,1,low,low,0
743,146,medium,health,9,1,0.44,1,0,medium,low,0
744,70,medium,health,1,0,0.49,0,4,medium,high,1
745,79,medium,chores,10,0,0.25,0,4,high,low,0
746,107,low,personal,6,1,0.99,1,6,high,high,0
747,170,medium,chores,8,1,0.23,1,6,low,low,0
748,42,low,personal,0,0,0.72,0,3,low,high,0
749,54,high,study,12,1,0.55,1,1,medium,high,1
750,102,low,chores,13,1,0.96,0,4,medium,low,1
751,86,high,personal,3,1,0.4,0,5,medium,medium,1
752,34,low,chores,5,0,0.63,0,2,high,medium,1
753,83,high,chores,6,1,0.59,1,2,medium,medium,1
754,95,medium,personal,9,1,0.76,0,2,high,medium,1
755,56,high,personal,6,0,0.25,0,6,medium,medium,0
756,170,medium,work,9,1,0.36,0,5,medium,low,0
757,83,medium,chores,1,1,0.37,1,0,low,low,1
758,34,high,health,13,0,0.79,1,5,high,low,1
759,110,low,chores,3,0,0.35,1,0,medium,low,0
760,55,low,chores,4,1,0.66,0,2,low,low,0
761,85,low,personal,13,1,0.37,1,3,high,low,1
762,137,low,chores,11,0,0.89,1,3,high,high,0
763,33,low,chores,0,0,0.95,0,0,medium,high,0
764,136,medium,health,0,1,0.61,0,2,high,low,0
765,142,low,personal,9,1,0.48,1,5,low,low,0
766,149,medium,chores,2,1,0.39,1,3,low,high,0
767,78,medium,study,9,0,0.24,0,0,high,high,0
768,21,medium,work,2,1,0.41,1,5,low,low,1
769,88,high,health,11,0,0.72,0,2,high,high,1
770,73,high,chores,7,0,0.63,0,1,low,medium,0
771,38,medium,study,8,0,0.96,1,2,high,medium,1
772,10,high,chores,13,1,0.52,1,6,high,medium,1
773,57,low,chores,10,1,0.76,1,2,high,high,1
774,130,low,personal,11,1,0.59,1,5,low,low,1
775,47,medium,personal,0,0,0.61,0,5,high,low,0
776,119,low,personal,13,1,0.41,1,4,high,low,0
777,115,medium,study,10,0,0.56,1,4,medium,high,0
778,155,medium,chores,1,0,0.58,1,5,medium,high,1
779,84,low,work,9,0,0.77,0,5,high,medium,0
780,99,high,health,1,0,0.95,1,1,medium,high,0
781,122,low,personal,3,0,0.46,1,1,high,medium,0
782,148,low,personal,1,0,0.23,0,2,medium,medium,0
783,12,medium,chores,6,1,0.6,0,6,low,low,1
784,136,medium,chores,12,0,0.64,0,3,low,high,1
785,108,medium,study,8,1,0.33,0,6,high,low,0
786,136,medium,study,6,0,0.81,0,1,high,low,0
787,29,high,personal,11,1,0.99,1,2,low,high,0
788,100,high,chores,5,1,0.96,0,6,low,high,1
789,159,high,work,9,1,0.36,0,0,medium,medium,0
790,97,medium,health,0,1,0.9,0,4,high,medium,1
791,164,medium,chores,10,0,0.76,0,6,low,medium,1
792,65,medium,chores,9,0,0.56,0,3,low,medium,0
793,126,high,study,8,0,0.63,0,2,high,low,0
794,55,medium,health,4,0,0.88,0,6,medium,low,0
795,151,low,personal,10,1,0.58,0,5,medium,high,0
796,25,low,chores,4,1,0.5,1,0,medium,medium,0
797,9,medium,personal,5,1,0.59,1,4,medium,medium,1
798,96,low,chores,8,0,0.66,1,0,low,medium,0
799,174,low,personal,12,1,0.35,0,2,high,low,0
800,65,high,health,7,0,0.92,0,1,high,high,1
801,26,medium,study,7,1,0.74,0,4,low,low,0
802,153,medium,health,13,1,0.71,1,0,low,high,1
803,74,high,work,7,1,0.28,0,1,low,high,0
804,5,low,study,0,1,0.68,0,3,high,low,0
805,137,low,health,0,1,0.3,0,2,high,low,1
806,16,medium,work,7,0,0.26,1,2,high,high,0
807,94,low,chores,4,1,0.62,1,4,medium,low,1
808,50,high,chores,8,0,0.52,0,0,low,low,0
809,38,high,personal,1,0,0.67,1,3,low,high,1
810,82,medium,study,8,0,0.27,0,5,low,high,1
811,49,high,chores,11,0,0.54,0,4,high,medium,0
812,159,high,study,13,0,0.34,1,5,low,low,1
813,77,medium,chores,7,0,0.99,1,4,low,high,0
814,30,high,personal,8,0,0.65,1,0,medium,low,1
815,51,high,health,3,0,0.75,1,3,high,low,0
816,125,high,personal,0,1,0.46,0,0,low,high,0
817,60,low,work,0,1,0.28,0,2,high,medium,1
818,98,medium,chores,4,0,0.98,1,5,high,high,0
819,111,medium,work,1,0,0.43,1,1,high,high,1
820,67,medium,work,13,0,0.54,0,6,medium,low,0
821,52,low,study,7,1,0.72,0,2,high,medium,1
822,65,low,chores,9,1,0.22,0,2,high,high,0
823,85,medium,work,10,0,0.85,0,5,high,low,0
824,30,low,health,4,0,0.63,1,4,low,high,1
825,40,medium,work,4,1,0.42,1,2,medium,low,1
826,5,low,health,1,1,0.25,1,6,low,high,1
827,12,high,study,6,0,0.33,0,3,medium,medium,0
828,117,high,work,12,0,0.92,0,2,medium,high,1
829,103,medium,personal,7,0,0.75,1,3,high,low,0
830,51,low,study,9,0,0.4,1,0,high,high,0
831,131,low,health,12,1,0.25,1,4,low,medium,0
832,60,high,study,0,1,0.75,0,3,medium,medium,1
833,18,high,work,1,0,0.66,1,2,high,medium,0
834,32,low,chores,9,0,0.52,0,4,high,medium,0
835,82,low,chores,3,0,0.49,1,6,high,low,0
836,134,low,health,4,1,0.37,1,4,high,high,1
837,113,low,health,12,0,0.74,1,3,low,medium,0
838,158,low,chores,1,0,0.98,0,3,low,high,0
839,18,low,health,0,0,0.34,0,1,high,low,1
840,60,medium,study,8,1,0.68,0,1,high,high,1
841,119,low,personal,13,0,0.54,0,4,high,high,1
842,11,high,personal,0,1,0.56,0,5,high,medium,1
843,7,medium,study,12,0,0.4,0,5,high,medium,1
844,115,low,personal,3,0,0.86,1,1,medium,low,0
845,155,high,work,1,0,0.59,0,2,medium,high,1
846,111,medium,study,10,1,0.63,1,0,medium,low,1
847,22,high,health,3,0,0.44,0,4,medium,low,1
848,42,low,study,7,0,0.35,1,0,high,low,1
849,119,low,chores,7,1,0.27,1,1,medium,medium,0
850,19,low,health,10,1,0.77,0,3,medium,medium,0
851,123,low,chores,11,1,0.36,1,6,low,high,0
852,32,medium,health,8,0,0.75,0,4,medium,high,1
853,43,medium,personal,12,1,0.51,0,1,medium,high,1
854,21,high,study,10,0,0.53,0,2,high,medium,0
855,90,low,work,11,1,0.58,0,6,medium,medium,1
856,130,high,health,4,1,0.49,1,4,medium,low,1
857,48,medium,health,6,1,0.28,0,4,high,medium,0
858,29,low,chores,2,0,0.45,1,5,medium,low,1
859,149,low,personal,9,0,0.73,1,3,high,low,1
860,17,medium,chores,3,0,0.73,1,4,medium,medium,0
861,29,medium,chores,9,0,0.43,0,3,low,low,0
862,72,medium,personal,8,0,0.57,1,1,low,low,0
863,142,medium,work,9,0,0.35,0,2,medium,high,0
864,71,medium,chores,9,0,0.37,1,6,low,low,0
865,113,low,chores,13,0,0.22,0,6,high,medium,1
866,150,medium,health,11,0,0.92,0,2,medium,medium,1
867,115,low,personal,0,1,0.37,0,4,high,low,1
868,115,low,study,1,1,0.38,0,4,low,high,1
869,38,medium,work,4,0,0.42,1,1,high,medium,1
870,115,medium,work,2,0,0.3,1,5,low,medium,0
871,12,low,personal,1,0,0.71,0,5,low,high,0
872,172,medium,health,0,0,0.26,1,5,low,low,1
873,117,medium,health,9,1,0.31,0,3,high,medium,1
874,87,medium,personal,2,1,0.72,0,5,low,low,1
875,46,high,health,0,0,0.47,1,2,medium,low,1
876,173,low,work,11,1,0.77,0,6,low,low,1
877,105,high,work,0,1,0.65,0,6,medium,low,1
878,10,medium,study,11,0,0.4,0,3,medium,medium,0
879,30,high,personal,0,0,0.72,0,1,medium,high,1
880,68,medium,chores,7,0,0.29,0,2,medium,medium,0
881,63,high,chores,2,0,0.63,1,6,high,high,0
882,113,medium,study,10,1,0.55,1,2,medium,low,0
883,125,high,study,0,0,0.41,1,6,low,high,1
884,37,high,health,6,1,0.68,0,0,medium,low,0
885,154,high,study,9,0,0.9,0,1,low,medium,1
886,25,low,study,2,1,1.0,0,1,high,medium,1
887,74,high,chores,7,0,0.69,0,0,medium,high,0
888,116,low,health,3,0,0.52,0,3,low,low,0
889,8,medium,study,3,1,0.38,0,6,high,low,0
890,98,high,study,4,1,0.41,1,6,high,high,1
891,79,medium,health,5,1,0.58,0,6,low,low,1
892,66,medium,personal,6,0,0.49,1,5,medium,low,1
893,98,high,health,13,1,0.93,0,5,high,low,1
894,99,low,chores,13,1,0.49,1,5,low,medium,1
895,156,high,personal,3,1,0.5,0,5,medium,medium,1
896,59,medium,work,7,1,0.51,1,5,high,medium,1
897,141,medium,health,12,1,0.87,1,0,low,low,0
898,135,high,chores,5,1,0.72,0,1,high,medium,1
899,35,low,personal,13,1,0.69,0,3,high,low,1
900,44,low,health,0,1,0.47,1,2,low,low,1
901,40,medium,study,0,1,0.85,0,5,high,high,1
902,156,medium,health,8,0,0.23,0,0,low,low,1
903,10,low,work,9,0,0.9,0,6,medium,medium,1
904,70,high,health,5,1,0.61,1,3,low,medium,1
905,79,medium,personal,9,0,0.52,0,3,medium,low,1
906,8,low,personal,7,0,0.6,1,3,high,medium,1
907,83,medium,health,12,1,0.73,1,0,low,low,0
908,138,high,personal,6,1,0.21,0,2,low,high,0
909,122,low,study,11,1,0.9,1,5,low,low,1
910,117,medium,health,5,1,0.56,0,3,low,low,1
911,98,high,study,3,1,0.47,0,0,medium,high,0
912,66,medium,study,6,1,0.31,1,6,medium,medium,1
913,83,high,chores,8,0,0.55,1,1,high,high,1
914,140,high,health,13,1,0.6,1,6,high,high,1
915,30,low,personal,10,0,0.52,1,0,high,low,1
916,177,high,study,9,1,0.74,1,0,high,low,1
917,48,medium,chores,9,1,0.54,0,0,low,high,0
918,137,high,health,13,0,0.97,1,3,medium,medium,0
919,74,high,health,6,1,0.68,0,0,medium,high,1
920,158,low,work,0,1,0.85,0,1,medium,medium,0
921,122,high,work,9,0,0.29,1,3,medium,high,0
922,72,high,study,8,1,0.52,1,6,high,high,1
923,23,medium,work,12,0,0.47,1,1,low,medium,0
924,24,low,study,3,1,0.66,1,4,medium,high,1
925,117,low,personal,2,1,0.89,1,6,low,low,1
926,144,low,study,3,0,0.26,0,0,low,high,0
927,51,high,work,3,1,0.26,0,5,low,low,1
928,5,low,personal,12,0,0.88,0,5,low,medium,1
929,94,high,work,9,0,0.37,1,3,medium,medium,1
930,146,high,study,10,0,0.74,1,5,medium,low,1
931,68,medium,chores,1,1,0.63,0,6,medium,high,1
932,42,medium,health,13,1,0.87,1,3,high,low,1
933,41,medium,work,11,0,0.3,1,6,medium,low,0
934,130,medium,study,13,1,0.3,1,0,high,medium,0
935,143,medium,personal,0,1,0.65,0,2,high,low,1
936,104,high,work,11,1,0.96,1,2,high,high,0
937,81,high,work,9,0,0.53,0,1,medium,low,0
938,7,low,health,11,1,0.46,1,0,medium,medium,1
939,165,high,study,0,0,0.69,1,5,medium,high,0
940,138,high,chores,12,1,0.94,0,0,high,medium,1
941,14,medium,personal,13,1,0.87,1,4,high,low,0
942,9,high,study,7,0,1.0,1,2,low,low,1
943,155,medium,personal,13,1,0.22,1,5,high,medium,0
944,142,low,work,1,0,0.29,0,6,high,medium,1
945,176,low,health,11,1,0.69,1,6,medium,high,0
946,134,high,health,9,0,0.86,1,2,low,medium,0
947,17,low,chores,4,1,0.43,1,0,low,medium,0
948,172,high,health,11,1,0.39,1,5,low,low,0
949,134,low,work,3,1,0.83,1,1,medium,low,1
950,88,medium,chores,7,0,0.25,0,6,low,medium,0
951,69,medium,study,1,0,0.5,0,0,low,medium,1
952,67,medium,health,9,0,0.6,1,1,medium,low,1
953,105,medium,chores,8,1,0.65,1,5,low,high,0
954,77,high,work,6,0,0.78,0,2,high,high,0
955,21,low,personal,12,0,0.48,1,4,high,high,1
956,13,high,personal,6,0,0.69,1,3,high,high,1
957,147,medium,work,0,0,0.67,1,2,high,low,0
958,156,high,work,13,0,0.64,1,1,high,medium,1
959,42,low,personal,11,0,0.71,1,0,high,high,0
960,167,high,chores,1,0,0.41,1,6,high,low,1
961,98,low,personal,3,0,0.27,1,5,high,medium,1
962,99,high,work,3,0,0.3,1,2,high,high,0
963,53,low,health,10,0,0.38,0,6,medium,medium,0
964,73,low,study,13,1,0.6,0,6,medium,high,1
965,66,medium,health,2,1,0.87,1,4,high,medium,0
966,82,low,health,6,0,0.76,1,5,medium,high,1
967,121,medium,work,11,1,0.83,1,1,medium,high,1
968,124,medium,personal,7,1,0.48,1,5,high,medium,1
969,141,medium,chores,1,0,0.52,0,5,high,medium,0
970,166,high,health,3,0,0.51,0,0,medium,medium,0
971,80,high,personal,13,0,0.35,0,3,high,low,1
972,39,high,chores,2,1,0.25,0,6,high,low,0
973,5,high,health,1,0,0.67,1,1,high,medium,0
974,44,low,chores,11,1,0.99,1,0,high,low,0
975,68,low,personal,12,0,0.33,1,6,medium,high,0
976,154,high,study,13,1,0.24,0,3,low,medium,1
977,64,low,personal,5,1,0.82,1,0,medium,low,0
978,68,low,work,12,0,0.4,1,3,low,medium,0
979,97,medium,chores,3,0,0.86,0,3,low,high,1
980,76,medium,study,5,1,0.76,0,3,low,high,0
981,15,medium,chores,1,1,0.96,0,0,medium,low,0
982,109,medium,chores,11,0,0.53,0,5,medium,high,1
983,18,low,health,3,0,0.73,0,3,medium,medium,0
984,64,high,work,10,1,0.57,1,5,medium,low,1
985,34,low,chores,5,0,0.7,1,6,medium,medium,1
986,39,low,personal,13,1,0.56,0,6,low,medium,0
987,169,low,personal,4,0,0.35,1,1,medium,medium,0
988,9,medium,health,2,0,0.61,1,4,low,high,0
989,87,medium,work,7,0,0.62,1,5,medium,medium,0
990,127,medium,work,6,1,0.85,1,6,medium,high,1
991,82,high,personal,2,0,0.79,0,4,high,medium,0
992,158,low,study,5,1,0.73,1,3,low,high,0
993,66,high,health,3,0,0.29,1,4,medium,high,0
994,136,medium,health,10,1,0.78,1,4,medium,high,1
995,93,high,personal,4,1,0.6,0,3,medium,medium,1
996,46,low,personal,10,0,0.92,1,5,high,medium,0
997,93,low,study,4,1,0.94,0,3,low,high,0
998,150,medium,study,6,1,0.24,0,1,medium,medium,0
999,44,medium,work,10,1,0.86,0,2,medium,high,1
1000,76,high,health,4,1,0.23,0,0,medium,medium,0
1001,43,medium,health,10,0,0.49,1,3,high,high,1
1002,108,medium,personal,2,0,0.63,0,3,medium,high,0
1003,18,low,work,9,0,0.32,0,4,low,low,0
1004,36,medium,health,4,1,0.8,0,1,low,medium,0
1005,129,medium,work,6,1,0.21,0,6,low,medium,1
1006,170,low,work,4,0,0.33,0,6,low,low,0
1007,101,low,personal,4,0,0.66,1,4,medium,high,1
1008,27,high,work,8,1,0.77,0,5,high,high,1
1009,67,medium,study,2,0,0.93,1,3,high,low,1
1010,147,low,study,12,0,0.76,1,3,high,low,0
1011,157,high,chores,5,1,0.74,0,4,medium,high,1
1012,149,high,personal,0,0,0.52,1,3,high,medium,1
1013,57,medium,chores,9,1,0.2,1,5,low,low,0
1014,108,medium,study,4,0,0.3,1,2,medium,low,0
1015,108,high,chores,7,1,0.63,0,0,high,low,1
1016,43,low,personal,4,1,0.74,0,0,low,low,0
1017,138,high,personal,8,1,0.53,0,0,low,low,0
1018,71,medium,work,10,1,0.78,0,2,medium,low,1
1019,139,low,health,5,1,0.62,0,3,medium,high,0
1020,46,low,work,7,0,0.26,0,4,high,high,1
1021,19,high,personal,9,0,0.35,0,6,high,low,0
1022,115,medium,study,7,0,0.87,1,1,high,high,0
1023,161,high,study,12,1,0.78,1,3,medium,medium,1
1024,37,high,work,2,0,0.92,0,2,high,medium,1
1025,159,high,personal,6,1,0.29,1,5,high,low,1
1026,168,low,study,13,1,0.99,0,2,low,medium,1
1027,161,low,personal,6,0,0.37,0,6,low,medium,0
1028,42,medium,study,13,1,0.21,0,0,low,high,1
1029,101,medium,personal,9,0,1.0,1,3,high,high,0
1030,159,high,chores,11,1,0.42,0,6,medium,high,0
1031,37,high,personal,5,1,0.73,0,0,low,high,1
1032,90,high,personal,11,0,0.34,0,1,medium,medium,1
1033,70,medium,work,6,1,0.66,0,5,high,low,1
1034,14,low,chores,13,0,0.92,1,0,high,high,0
1035,9,low,health,1,1,0.46,0,1,low,medium,1
1036,127,high,work,8,0,0.74,1,2,medium,high,1
1037,78,high,health,9,1,0.35,1,0,low,medium,1
1038,101,high,study,9,0,0.7,0,0,high,high,1
1039,122,high,health,0,0,0.47,0,4,medium,low,0
1040,42,medium,personal,0,1,0.37,1,5,low,high,0
1041,145,low,health,2,0,0.45,1,5,high,low,1
1042,163,high,work,13,1,0.34,1,6,low,high,1
1043,51,medium,work,2,1,0.92,1,2,medium,high,1
1044,113,high,health,0,0,0.52,0,4,medium,high,1
1045,19,high,work,11,0,0.4,1,6,medium,medium,0
1046,161,low,work,6,0,0.56,1,1,medium,medium,0
1047,140,high,health,3,0,0.46,1,6,medium,low,1
1048,9,low,chores,9,0,0.8,1,1,low,low,1
1049,161,low,chores,12,1,0.98,0,2,low,medium,0
1050,51,low,study,1,0,0.55,0,5,low,low,0
1051,72,medium,work,9,1,0.89,0,1,low,low,1
1052,80,medium,health,4,0,0.65,1,2,high,medium,1
1053,177,low,work,5,0,0.33,1,6,high,medium,0
1054,134,high,personal,8,0,0.75,0,1,low,medium,0
1055,159,low,work,3,1,0.61,0,3,high,medium,1
1056,99,high,work,1,0,0.72,1,0,high,high,1
1057,119,low,chores,4,1,0.91,0,6,medium,medium,1
1058,168,high,health,2,1,0.55,1,5,low,low,1
1059,40,medium,work,1,1,0.92,1,6,high,high,1
1060,30,high,chores,11,0,0.8,1,3,high,high,1
1061,47,low,study,0,1,0.59,1,2,low,low,1
1062,31,medium,chores,9,0,0.68,1,2,medium,high,0
1063,73,high,chores,1,1,0.46,1,6,low,low,1
1064,152,high,chores,5,0,0.99,0,3,medium,high,1
1065,15,high,work,7,1,0.73,0,6,high,high,1
1066,78,high,work,12,0,0.24,0,0,medium,low,0
1067,108,high,study,2,0,0.46,1,0,medium,low,1
1068,42,medium,personal,10,0,0.7,0,4,low,low,0
1069,138,medium,personal,8,1,0.25,1,1,high,low,0
1070,27,medium,personal,11,1,0.22,1,4,low,medium,1
1071,51,medium,study,8,0,0.56,1,0,low,medium,1
1072,94,low,personal,1,1,0.47,1,3,high,low,1
1073,50,medium,personal,7,1,0.55,0,1,low,medium,0
1074,111,high,chores,9,1,0.41,0,3,low,low,1
1075,144,high,work,10,1,0.33,0,4,medium,low,1
1076,145,medium,work,11,1,0.75,1,2,low,high,1
1077,108,high,chores,4,1,0.61,0,3,high,low,1
1078,115,medium,chores,3,1,0.36,0,4,low,low,0
1079,108,high,chores,9,0,0.46,0,4,medium,low,1
1080,64,low,work,4,0,0.67,1,4,low,low,0
1081,175,low,personal,3,1,0.26,0,2,low,high,0
1082,104,medium,chores,7,0,0.32,1,2,low,low,1
1083,72,medium,study,3,0,0.26,0,6,medium,high,0
1084,137,medium,chores,12,0,0.85,1,2,high,low,1
1085,124,high,health,9,1,0.8,0,1,high,high,1
1086,41,medium,chores,11,1,0.8,0,2,medium,medium,1
1087,76,low,work,12,1,0.77,0,2,medium,high,1
1088,131,high,chores,13,1,0.74,1,2,low,high,1
1089,110,medium,health,5,1,0.58,0,3,high,low,1
1090,96,high,study,1,0,0.71,0,2,medium,high,0
1091,35,high,personal,4,1,0.23,1,1,high,high,1
1092,126,medium,chores,5,0,0.7,1,4,low,low,0
1093,141,high,health,4,1,0.82,1,3,medium,medium,1
1094,55,low,health,11,0,0.6,1,0,high,medium,1
1095,33,low,study,1,1,0.49,0,2,high,medium,0
1096,44,high,work,13,1,0.42,0,6,low,high,0
1097,45,medium,chores,6,1,0.71,1,6,medium,low,1
1098,15,high,health,3,1,0.75,0,4,high,medium,0
1099,155,low,study,7,1,0.9,1,4,low,medium,1
1100,5,high,personal,6,1,0.47,0,3,high,medium,1
1101,50,high,health,6,0,0.82,1,6,low,medium,1
1102,105,low,study,8,1,0.65,0,0,high,low,1
1103,153,high,work,0,0,0.91,1,5,high,medium,1
1104,94,high,work,9,1,0.62,1,6,low,high,1
1105,114,medium,health,5,0,0.61,0,6,medium,high,1
1106,168,medium,health,5,0,0.66,0,1,low,low,0
1107,61,low,chores,5,0,0.8,0,5,medium,medium,1
1108,5,low,study,12,0,0.97,1,4,high,medium,0
1109,67,low,health,11,0,0.26,0,5,high,high,0
1110,59,medium,chores,5,0,0.24,1,6,low,low,1
1111,119,low,chores,11,1,0.95,0,4,low,high,0
1112,172,low,health,9,0,0.62,0,5,medium,low,0
1113,147,low,work,6,1,0.69,1,4,medium,low,1
1114,153,medium,study,13,1,0.59,1,4,medium,low,1
1115,179,high,study,9,0,0.27,0,3,low,high,1
1116,57,low,work,5,0,0.81,1,0,high,low,0
1117,141,high,health,0,1,0.8,1,4,low,high,1
1118,61,low,study,2,0,0.45,0,1,high,high,0
1119,121,high,health,1,0,0.44,1,6,low,medium,1
1120,158,medium,health,5,0,0.87,0,6,low,high,0
1121,173,medium,chores,7,0,0.26,0,1,medium,high,0
1122,39,low,work,2,0,0.9,1,2,high,medium,1
1123,67,high,health,9,0,0.41,0,4,low,medium,1
1124,29,medium,personal,7,0,0.67,1,4,low,medium,1
1125,94,low,work,7,1,0.95,0,4,high,low,1
1126,79,low,study,4,0,0.74,1,5,low,low,1
1127,42,medium,chores,7,1,0.53,1,4,high,medium,0
1128,134,medium,study,5,1,0.75,1,4,medium,low,0
1129,139,low,study,4,1,0.48,1,1,medium,medium,0
1130,166,high,work,8,1,0.42,1,0,high,low,0
1131,95,high,study,13,0,1.0,0,0,medium,high,1
1132,21,high,health,6,1,0.8,0,2,high,low,1
1133,132,low,study,7,1,0.72,1,1,low,low,1
1134,175,medium,chores,0,1,0.48,0,4,low,high,1
1135,112,low,chores,10,1,0.24,1,0,high,medium,1
1136,156,medium,personal,1,1,0.22,1,3,low,low,0
1137,29,high,chores,7,0,0.64,0,3,medium,low,0
1138,92,high,study,11,0,0.81,0,3,low,high,1
1139,165,medium,chores,8,1,0.63,1,4,low,high,1
1140,33,medium,work,3,0,0.87,1,4,high,high,1
1141,67,low,chores,11,0,0.23,1,2,medium,high,1
1142,154,high,health,9,1,0.49,1,6,low,medium,1
1143,158,low,work,10,1,0.39,1,2,low,low,0
1144,160,low,personal,9,1,0.56,1,2,high,low,1
1145,118,low,health,13,0,0.26,0,5,high,low,1
1146,53,high,study,8,1,0.96,1,3,medium,low,1
1147,85,low,study,3,0,0.38,1,4,low,medium,0
1148,88,low,study,9,0,0.94,0,3,high,low,1
1149,109,low,health,9,0,0.54,1,2,high,medium,1
1150,152,low,health,9,1,0.99,1,4,high,medium,1
1151,122,low,health,8,0,0.64,0,1,medium,high,1
1152,90,low,work,10,1,0.94,1,0,high,high,1
1153,67,high,work,6,1,0.2,0,0,medium,low,1
1154,108,low,study,1,1,0.8,1,2,medium,medium,1
1155,53,medium,chores,8,1,0.92,0,6,low,high,1
1156,75,low,study,3,1,0.31,0,3,low,medium,1
1157,5,low,personal,7,0,0.28,0,1,medium,high,0
1158,145,high,work,13,0,0.54,1,4,low,medium,1
1159,127,high,health,6,0,0.95,1,6,low,low,1
1160,66,medium,work,12,0,0.63,0,3,high,low,1
1161,36,medium,health,6,0,0.62,0,2,low,medium,0
1162,162,high,personal,7,1,0.31,1,3,medium,high,1
1163,33,high,personal,0,1,0.2,1,2,low,high,1
1164,53,low,work,4,0,0.85,1,5,high,low,0
1165,177,high,health,1,0,0.27,1,0,medium,low,0
1166,34,medium,personal,1,0,0.71,1,6,low,low,1
1167,148,low,study,0,1,0.93,0,0,medium,high,1
1168,172,medium,study,4,1,0.37,1,3,low,high,1
1169,23,low,health,1,1,0.73,0,1,high,low,1
1170,22,high,work,3,0,0.26,1,4,low,medium,0
1171,5,medium,personal,2,0,0.68,0,2,medium,high,1
1172,82,low,work,2,0,0.33,0,4,medium,low,0
1173,119,low,study,1,0,0.79,1,0,medium,medium,0
1174,179,high,personal,12,1,0.44,0,1,low,high,0
1175,117,high,work,5,0,0.57,0,1,low,medium,1
1176,118,high,chores,1,0,0.68,0,4,low,medium,1
1177,170,medium,health,13,0,0.34,0,0,high,high,0
1178,67,low,health,13,1,0.79,1,4,high,low,0
1179,136,high,chores,7,1,0.44,0,3,high,medium,1
1180,133,medium,study,7,0,0.73,1,1,medium,low,1
1181,12,medium,personal,12,1,0.33,0,1,medium,high,1
1182,161,medium,health,13,1,0.75,1,3,medium,medium,0
1183,59,high,chores,11,1,0.3,1,0,medium,medium,0
1184,107,high,chores,4,1,0.54,1,1,medium,medium,0
1185,135,low,study,9,1,0.4,0,6,low,medium,1
1186,36,low,study,6,0,0.8,1,5,medium,medium,0
1187,14,high,work,3,0,0.41,1,5,low,high,1
1188,114,medium,health,0,0,0.91,0,5,high,medium,1
1189,166,medium,work,10,1,0.91,1,2,high,high,1
1190,128,medium,chores,1,1,0.36,0,6,high,low,1
1191,91,low,personal,9,1,0.69,0,2,high,high,0
1192,59,medium,personal,9,1,0.27,1,0,high,medium,1
1193,36,low,study,3,0,0.51,0,3,medium,low,1
1194,139,low,personal,0,0,0.77,0,4,medium,high,0
1195,97,medium,personal,12,0,0.73,0,6,medium,high,0
1196,12,medium,personal,7,0,0.7,1,0,high,high,0
1197,69,high,chores,8,0,0.43,0,4,high,medium,0
1198,61,high,personal,3,0,0.5,0,0,low,medium,1
1199,71,medium,personal,9,1,0.28,0,2,medium,high,0
1200,76,low,personal,2,1,0.78,1,5,high,high,1
1201,58,low,work,1,0,0.6,0,3,high,low,1
1202,71,low,chores,4,1,0.77,1,2,high,medium,0
1203,55,low,study,13,0,0.4,0,3,low,medium,0
1204,101,low,work,2,0,0.46,1,6,high,low,0
1205,96,high,health,9,1,0.47,1,4,low,high,1
1206,12,medium,chores,6,0,0.22,1,0,low,high,0
1207,166,high,chores,10,0,0.47,0,1,medium,low,1
1208,39,low,health,5,0,0.84,0,1,high,high,1
1209,100,low,health,0,1,0.92,0,3,low,high,1
1210,92,low,health,11,1,0.61,1,5,high,low,1
1211,82,low,study,7,1,0.56,0,5,medium,low,1
1212,36,medium,personal,1,1,0.22,0,3,medium,low,1
1213,124,low,chores,4,0,0.9,1,2,low,high,1
1214,50,medium,personal,8,1,0.21,0,1,medium,low,1
1215,148,low,personal,7,1,0.96,0,2,medium,high,0
1216,169,medium,health,1,1,0.59,1,4,medium,medium,1
1217,146,high,study,8,0,0.47,1,1,high,medium,1
1218,59,low,work,4,1,0.94,0,4,high,low,0
1219,11,medium,study,9,1,0.22,1,0,low,high,0
1220,78,high,personal,13,0,0.67,0,2,low,high,0
1221,11,low,study,5,0,0.64,0,3,medium,high,1
1222,165,low,health,12,0,0.38,0,1,medium,low,1
1223,155,low,work,2,0,0.54,0,2,low,high,1
1224,89,medium,health,12,1,0.72,0,3,medium,high,1
1225,151,medium,work,2,0,0.78,1,0,low,high,1
1226,116,high,personal,9,1,0.2,1,1,high,medium,1
1227,129,medium,work,7,1,0.95,0,4,medium,high,1
1228,151,medium,work,10,1,0.33,1,0,medium,medium,0
1229,40,low,work,9,1,0.39,1,5,medium,high,0
1230,33,low,study,9,1,0.41,0,3,high,high,0
1231,86,low,study,11,0,0.23,1,1,high,high,0
1232,6,low,personal,1,1,0.3,1,1,medium,medium,0
1233,133,low,work,10,1,0.99,0,6,low,high,1
1234,51,low,chores,11,1,0.45,0,6,high,low,1
1235,152,low,personal,11,0,0.29,0,0,medium,high,0
1236,15,high,work,1,1,0.29,0,1,medium,medium,1
1237,134,high,work,12,1,0.78,0,3,high,medium,1
1238,123,high,study,4,0,0.88,0,0,low,low,0
1239,144,high,personal,5,1,0.41,0,4,medium,low,1
1240,24,low,work,11,1,0.22,1,0,low,low,0
1241,9,high,work,1,0,0.38,0,0,low,medium,1
1242,41,low,personal,4,1,0.25,1,4,high,high,1
1243,170,high,chores,6,1,0.28,1,5,medium,high,0
1244,141,medium,personal,9,1,0.55,0,6,medium,low,0
1245,57,high,personal,9,1,0.38,1,3,low,low,1
1246,176,high,chores,7,1,0.61,1,5,high,high,1
1247,103,low,personal,11,0,0.4,1,5,high,low,1
1248,90,high,work,6,0,0.95,0,5,high,high,1
1249,112,medium,personal,7,0,0.92,1,6,low,high,1
1250,28,low,chores,13,1,0.65,1,2,low,high,0
1251,85,low,health,11,1,0.48,0,6,medium,high,1
1252,162,high,personal,8,1,0.5,1,5,high,medium,1
1253,124,low,study,4,0,0.53,1,2,low,high,0
1254,63,low,work,12,1,0.78,1,4,high,low,1
1255,132,low,work,4,1,0.56,1,6,low,low,1
1256,118,low,study,10,1,0.89,1,3,medium,low,1
1257,119,low,study,9,0,0.96,0,5,high,low,1
1258,18,low,personal,3,0,0.47,1,1,low,medium,0
1259,13,medium,study,12,1,0.65,0,4,high,high,0
1260,44,high,health,8,1,0.28,1,2,low,high,1
1261,29,medium,chores,4,1,0.36,0,6,low,low,1
1262,107,low,study,13,0,0.53,0,3,low,low,0
1263,26,low,study,1,0,0.36,0,0,high,low,1
1264,8,high,health,9,0,0.9,1,3,low,high,1
1265,158,medium,work,7,1,0.33,1,3,medium,medium,1
1266,33,high,work,6,0,0.56,1,5,high,medium,1
1267,113,medium,personal,7,1,0.68,1,5,medium,medium,0
1268,102,low,health,11,1,0.75,1,6,medium,medium,1
1269,41,high,chores,2,0,0.51,0,6,high,low,1
1270,79,high,chores,3,1,0.9,0,2,low,high,1
1271,74,low,health,4,0,0.65,0,6,medium,low,0
1272,150,high,chores,5,1,0.55,1,2,high,medium,1
1273,132,medium,work,0,1,0.25,1,5,low,low,1
1274,89,medium,chores,3,0,0.57,0,5,high,medium,1
1275,46,medium,chores,10,1,0.86,1,1,high,high,0
1276,104,medium,health,11,1,0.69,1,1,high,medium,0
1277,45,low,health,9,1,0.87,0,4,low,low,1
1278,170,high,chores,12,1,0.6,0,5,medium,high,1
1279,38,medium,study,4,1,0.29,1,0,medium,medium,1
1280,21,low,health,6,1,0.21,1,1,high,medium,1
1281,169,high,personal,12,1,0.44,0,2,high,high,0
1282,157,high,personal,4,1,0.76,1,3,low,low,1
1283,126,low,work,12,0,0.83,0,6,high,high,0
1284,80,low,chores,12,0,0.44,0,6,high,low,1
1285,91,medium,study,0,1,0.6,0,4,high,medium,0
1286,121,high,work,10,1,0.54,1,1,medium,medium,1
1287,110,high,chores,6,0,0.53,0,3,high,high,1
1288,90,low,health,7,1,0.39,0,3,medium,medium,1
1289,31,high,personal,12,0,0.31,1,1,low,high,0
1290,61,medium,study,6,0,0.36,0,0,low,medium,0
1291,35,high,personal,10,0,0.24,1,0,medium,medium,0
1292,138,low,health,13,1,0.36,1,4,medium,low,1
1293,172,low,chores,12,1,0.21,1,0,medium,high,0
1294,102,medium,health,3,1,0.7,0,4,medium,high,1
1295,16,medium,health,7,0,0.45,0,2,high,medium,0
1296,57,high,personal,4,0,0.98,1,1,medium,low,1
1297,142,high,study,9,0,0.35,1,3,medium,low,0
1298,177,low,health,8,1,0.48,1,4,medium,high,1
1299,149,medium,personal,11,0,0.49,0,6,high,high,1
1300,158,medium,study,11,0,0.21,1,0,high,medium,0
1301,126,medium,chores,9,1,0.87,1,6,high,high,0
1302,50,high,chores,4,0,0.23,1,4,low,medium,1
1303,68,medium,work,0,0,0.95,0,5,high,low,0
1304,134,low,personal,11,1,0.91,1,4,medium,high,1
1305,58,low,study,8,1,0.63,0,0,high,low,0
1306,111,high,health,11,0,0.63,0,5,high,low,1
1307,55,high,chores,4,1,0.72,1,5,medium,medium,1
1308,40,medium,study,5,0,0.51,1,0,high,low,1
1309,119,high,personal,3,1,0.72,1,5,low,medium,1
1310,30,low,work,5,0,0.24,0,1,high,medium,0
1311,33,medium,chores,11,1,0.24,0,3,low,low,0
1312,153,low,study,7,0,0.57,0,6,low,low,1
1313,15,medium,study,2,1,0.64,1,1,low,medium,1
1314,44,high,study,4,1,0.91,0,1,medium,medium,1
1315,15,medium,personal,1,1,0.28,1,0,high,low,0
1316,168,medium,personal,13,1,0.86,1,0,low,medium,1
1317,117,low,personal,1,1,0.37,1,6,low,medium,1
1318,43,low,health,12,1,0.52,0,3,high,high,1
1319,58,medium,study,6,1,0.45,0,4,medium,high,0
1320,102,high,chores,9,0,0.52,0,1,medium,high,1
1321,59,high,personal,12,0,0.32,1,5,low,high,0
1322,115,low,personal,9,1,0.6,0,3,medium,high,0
1323,156,high,study,13,1,0.84,0,1,high,medium,0
1324,154,low,personal,10,0,0.55,1,4,medium,medium,1
1325,73,high,health,9,0,0.59,1,5,high,high,0
1326,60,medium,health,5,1,0.88,0,1,low,low,1
1327,37,low,personal,3,0,0.76,1,2,high,high,0
1328,40,low,study,4,0,0.59,0,6,low,low,0
1329,152,medium,study,0,1,0.41,1,3,high,medium,0
1330,85,low,study,6,1,0.91,1,6,high,low,1
1331,113,high,work,7,1,0.66,0,0,medium,medium,1
1332,158,high,personal,8,0,0.38,1,1,high,low,0
1333,77,low,study,7,1,0.42,1,5,low,medium,1
1334,44,high,health,4,1,0.84,1,5,high,medium,1
1335,21,low,chores,2,0,0.24,0,3,low,high,0
1336,133,medium,chores,9,1,0.99,1,3,low,medium,1
1337,65,low,study,10,0,0.3,1,6,high,high,0
1338,175,medium,chores,8,0,0.84,0,5,medium,high,0
1339,108,high,chores,5,0,0.52,0,5,high,high,0
1340,46,medium,work,4,0,0.59,1,5,high,low,1
1341,29,high,health,12,0,0.9,1,1,medium,low,0
1342,43,low,health,2,0,0.53,1,5,low,medium,1
1343,39,high,work,5,1,0.63,0,0,high,high,1
1344,135,low,work,2,1,0.24,1,5,medium,high,1
1345,112,low,chores,9,1,0.2,0,0,medium,medium,1
1346,176,medium,personal,11,0,0.4,0,1,low,high,0
1347,106,medium,chores,5,1,0.74,1,3,medium,medium,1
1348,102,medium,work,3,0,0.3,1,0,low,high,1
1349,16,medium,health,1,1,0.29,0,1,high,low,0
1350,23,high,chores,7,0,0.53,1,5,medium,medium,1
1351,105,high,personal,3,1,0.72,1,1,high,medium,0
1352,48,high,chores,8,0,0.77,0,5,medium,low,1
1353,53,low,study,6,1,0.34,1,6,medium,medium,1
1354,21,high,chores,11,0,0.26,0,1,high,low,0
1355,78,high,work,1,1,0.95,1,3,medium,high,1
1356,61,high,health,3,0,0.41,0,0,high,low,0
1357,59,medium,health,4,1,0.88,0,6,high,low,1
1358,51,high,work,2,1,0.89,1,3,low,medium,1
1359,16,low,study,8,1,0.82,0,2,high,high,1
1360,66,medium,work,12,0,0.34,0,5,low,low,0
1361,84,low,chores,4,0,0.86,1,0,high,high,1
1362,87,high,work,1,0,0.82,1,3,medium,low,0
1363,12,medium,work,10,0,0.68,1,0,high,medium,0
1364,153,low,study,2,0,0.47,0,2,medium,low,0
1365,85,high,chores,13,1,0.41,0,4,low,low,1
1366,122,low,personal,8,0,0.3,0,5,medium,high,1
1367,29,low,personal,6,1,0.61,1,5,high,low,1
1368,93,low,health,1,1,0.67,0,1,medium,medium,1
1369,16,high,work,8,0,0.49,0,5,low,medium,1
1370,147,high,health,13,1,0.58,1,5,medium,low,1
1371,63,low,study,3,0,0.49,0,3,medium,low,0
1372,158,medium,personal,12,0,0.71,1,6,high,high,1
1373,113,medium,work,8,0,0.92,1,5,high,high,1
1374,30,high,study,12,1,0.33,1,5,medium,medium,1
1375,51,high,study,1,0,0.51,0,2,low,high,0
1376,36,high,work,11,0,0.31,0,6,medium,low,1
1377,14,high,study,9,0,0.7,0,2,low,medium,0
1378,20,high,work,11,1,0.78,1,0,low,high,0
1379,149,medium,work,3,0,0.95,1,0,low,medium,0
1380,155,high,chores,4,1,0.42,1,5,medium,low,1
1381,30,low,health,1,1,0.96,0,5,low,high,1
1382,90,low,study,9,0,0.25,0,1,medium,low,0
1383,139,medium,study,0,1,0.68,0,0,low,low,0
1384,18,low,chores,6,1,0.25,0,3,low,medium,1
1385,83,medium,chores,9,0,0.92,0,5,medium,medium,0
1386,121,medium,chores,0,0,0.62,1,3,high,medium,1
1387,11,low,personal,10,0,0.74,0,5,high,high,1
1388,141,high,personal,10,1,0.87,1,3,medium,high,0
1389,119,low,personal,7,0,0.32,1,4,medium,medium,0
1390,76,low,work,2,1,0.23,0,3,high,high,1
1391,63,medium,study,13,1,0.9,1,6,high,high,0
1392,86,low,health,9,1,0.45,0,0,high,medium,1
1393,120,medium,work,5,1,0.3,0,5,medium,low,0
1394,171,high,study,6,1,0.57,1,0,low,high,1
1395,150,high,study,9,0,0.68,0,6,medium,high,0
1396,107,high,chores,0,0,0.22,0,6,high,low,1
1397,21,low,chores,13,1,0.42,1,3,low,low,1
1398,18,medium,work,5,1,0.23,1,2,medium,low,0
1399,163,high,chores,6,0,0.54,1,2,high,medium,1
1400,156,medium,study,5,0,0.92,1,6,medium,low,1
1401,112,medium,chores,3,1,0.99,1,2,low,medium,1
1402,49,high,personal,0,1,0.71,1,5,high,low,0
1403,102,high,chores,10,0,0.33,0,1,medium,low,0
1404,135,medium,study,8,0,0.92,0,4,low,medium,1
1405,41,high,work,3,1,0.61,0,3,low,medium,0
1406,175,medium,health,6,0,0.32,1,1,medium,low,1
1407,172,medium,chores,6,0,0.94,0,2,low,low,0
1408,112,high,study,1,1,0.81,1,3,high,low,1
1409,43,low,health,0,1,0.79,0,1,low,high,0
1410,19,high,health,7,1,0.77,1,0,medium,low,0
1411,124,low,personal,7,0,0.36,0,2,high,medium,1
1412,8,medium,health,6,1,0.37,1,1,low,high,1
1413,97,medium,study,13,0,0.75,1,5,low,medium,0
1414,157,low,study,7,1,0.38,1,0,high,high,1
1415,145,medium,chores,2,1,0.55,1,2,high,high,1
1416,165,low,chores,10,0,0.83,0,4,low,medium,1
1417,20,low,chores,1,0,0.83,0,6,high,high,0
1418,174,medium,health,6,1,0.56,1,2,medium,medium,1
1419,112,low,health,7,1,0.83,1,5,low,low,1
1420,130,high,personal,0,0,0.87,1,4,medium,high,1
1421,59,high,chores,11,1,0.72,0,4,low,medium,1
1422,174,medium,work,9,0,0.38,1,4,medium,high,0
1423,38,medium,personal,8,0,0.42,1,3,medium,medium,0
1424,162,low,work,12,1,0.45,0,3,high,low,1
1425,17,low,health,10,0,0.29,1,6,low,low,0
1426,145,low,personal,3,0,0.42,1,4,high,high,0
1427,22,low,personal,13,0,0.37,0,6,high,high,1
1428,164,high,study,11,1,0.56,1,0,low,medium,1
1429,100,high,health,13,0,0.93,1,4,medium,medium,0
1430,127,medium,health,3,1,0.28,0,1,low,high,0
1431,43,low,personal,2,1,0.78,1,4,low,medium,1
1432,50,low,health,5,1,0.75,0,3,low,medium,1
1433,33,medium,personal,0,0,0.28,1,3,high,medium,1
1434,66,low,study,5,0,0.94,1,1,low,high,1
1435,20,low,personal,1,1,0.65,1,1,low,low,1
1436,125,low,health,8,1,0.49,1,2,low,low,0
1437,14,low,health,1,0,0.81,1,0,medium,medium,0
1438,162,low,personal,6,1,0.41,0,0,medium,high,1
1439,157,medium,personal,11,1,0.75,1,0,medium,medium,1
1440,107,low,personal,0,0,0.23,1,5,medium,low,1
1441,88,medium,chores,11,1,0.87,0,3,high,medium,1
1442,137,low,health,6,0,0.56,0,0,high,low,0
1443,69,high,health,4,0,0.71,1,2,low,high,1
1444,7,high,chores,7,1,0.38,0,2,high,medium,0
1445,177,high,personal,3,0,0.74,1,0,medium,high,1
1446,146,high,study,11,0,0.82,0,1,low,medium,0
1447,124,medium,personal,9,0,0.58,0,2,low,medium,0
1448,162,medium,personal,6,1,0.69,1,6,medium,medium,0
1449,72,low,chores,5,1,0.57,0,1,medium,medium,1
1450,150,high,health,4,1,0.92,1,6,medium,medium,1
1451,41,medium,personal,3,0,0.6,0,3,high,high,1
1452,157,low,health,6,0,0.87,0,5,low,high,1
1453,77,low,work,11,1,0.84,0,2,medium,low,0
1454,147,medium,health,4,1,0.53,1,1,low,medium,0
1455,53,high,study,4,0,0.38,1,6,low,low,1
1456,125,low,study,0,1,0.52,0,0,high,high,1
1457,92,high,personal,1,1,0.86,1,6,low,low,1
1458,144,high,health,4,1,0.38,1,6,medium,high,0
1459,41,high,personal,12,1,0.62,1,3,medium,medium,1
1460,65,low,chores,2,1,0.84,0,4,low,low,0
1461,175,high,study,13,0,0.48,1,4,low,low,1
1462,128,low,personal,12,1,0.71,0,0,high,low,0
1463,43,high,chores,1,1,0.4,0,3,medium,low,1
1464,67,low,personal,13,0,0.29,0,3,medium,medium,0
1465,50,high,health,13,0,0.84,0,3,low,high,0
1466,92,medium,health,3,0,0.28,0,3,low,high,0
1467,15,high,health,3,0,0.42,1,4,low,medium,0
1468,66,high,health,3,1,0.88,1,1,medium,high,1
1469,81,low,work,3,1,0.48,0,3,low,low,1
1470,157,low,chores,2,1,0.98,1,1,high,medium,0
1471,56,high,chores,12,1,0.98,1,6,high,high,1
1472,8,medium,health,11,0,0.41,1,6,low,medium,0
1473,63,medium,work,6,0,0.23,1,3,high,medium,0
1474,76,low,health,8,1,0.76,1,2,high,high,1
1475,152,medium,work,11,1,0.56,1,5,high,high,1
1476,97,high,health,4,1,0.28,1,2,high,medium,0
1477,67,low,study,3,1,0.77,0,6,high,medium,1
1478,58,high,study,10,0,0.22,0,5,medium,high,0
1479,121,low,personal,1,1,0.9,0,2,low,medium,1
1480,114,low,health,1,0,0.31,1,3,high,high,0
1481,78,low,chores,4,0,0.3,1,1,low,medium,1
1482,111,low,personal,6,0,0.34,0,5,high,medium,1
1483,61,medium,study,9,0,0.97,1,4,medium,medium,0
1484,173,high,health,9,1,0.75,1,0,medium,high,0
1485,7,high,personal,8,1,0.84,0,5,high,low,1
1486,124,high,health,12,1,0.52,0,5,high,high,1
1487,10,low,study,6,1,0.47,0,4,high,medium,1
1488,9,medium,personal,4,0,0.39,1,3,medium,low,0
1489,9,high,study,9,0,0.58,1,2,medium,low,0
1490,58,medium,work,9,0,0.64,1,2,low,medium,0
1491,51,low,study,9,1,0.71,0,6,medium,high,0
1492,13,high,health,5,0,0.41,0,1,high,low,1
1493,103,medium,chores,10,0,0.96,1,3,low,low,0
1494,24,low,study,11,0,0.34,0,4,medium,high,0
1495,126,medium,chores,2,0,0.97,0,3,medium,high,0
1496,65,high,work,4,1,0.21,1,3,high,low,0
1497,127,high,personal,7,0,0.58,0,2,low,high,0
1498,167,low,personal,0,0,0.47,0,4,medium,low,0
1499,86,low,chores,11,1,0.56,0,0,medium,medium,1
1500,66,low,personal,0,1,0.66,1,5,high,high,1
1501,149,medium,study,6,1,0.55,1,2,low,low,1
1502,7,medium,chores,13,0,0.53,0,4,low,high,0
1503,164,medium,health,4,0,0.79,1,1,low,high,0
1504,17,low,study,13,0,0.75,1,5,low,low,1
1505,124,high,study,4,0,0.87,1,5,high,medium,1
1506,129,high,study,0,1,0.4,0,2,medium,low,0
1507,93,medium,health,8,0,0.69,1,6,medium,high,0
1508,77,medium,work,0,0,0.67,0,1,low,low,0
1509,72,high,personal,4,1,0.5,0,2,low,high,0
1510,146,high,chores,9,1,0.59,1,3,low,low,1
1511,105,medium,work,8,1,0.45,0,6,medium,medium,0
1512,102,medium,chores,13,0,0.31,1,4,medium,medium,0
1513,15,high,personal,3,0,0.37,1,1,low,medium,1
1514,109,low,health,12,0,0.28,0,5,high,medium,1
1515,71,medium,study,7,0,0.75,0,2,medium,low,0
1516,127,high,study,5,0,0.73,1,5,medium,medium,1
1517,33,high,health,10,1,0.96,1,1,low,low,0
1518,141,high,work,2,1,0.78,1,5,high,high,1
1519,157,high,work,3,0,0.24,1,2,low,high,1
1520,80,low,chores,1,0,0.91,0,6,low,high,0
1521,174,high,health,0,0,0.89,0,2,high,medium,1
1522,13,medium,work,12,0,0.55,0,0,high,medium,0
1523,44,low,health,13,0,0.67,1,5,high,medium,0
1524,29,high,personal,7,1,0.98,0,0,medium,high,0
1525,9,low,study,0,1,0.63,0,6,low,high,1
1526,143,medium,study,13,1,0.92,0,0,medium,high,1
1527,128,high,study,12,0,0.27,0,5,high,high,0
1528,42,medium,health,10,0,0.35,1,1,medium,low,0
1529,76,high,health,0,1,0.55,0,3,high,low,0
1530,137,high,chores,3,1,0.67,0,6,high,medium,1
1531,94,high,study,9,0,0.85,0,2,low,medium,1
1532,150,high,chores,11,1,0.99,0,4,low,high,1
1533,41,high,study,9,1,0.51,1,6,low,low,1
1534,64,low,chores,5,0,0.24,1,0,medium,low,1
1535,32,high,chores,8,1,0.84,0,1,low,medium,1
1536,85,high,personal,0,1,0.68,1,5,high,low,1
1537,118,low,chores,6,1,0.36,1,1,low,medium,0
1538,44,low,health,9,0,0.6,1,1,medium,high,0
1539,49,low,chores,10,1,0.79,1,5,low,high,1
1540,66,low,study,4,1,0.82,0,4,low,medium,1
1541,97,low,chores,11,1,0.6,1,5,low,high,1
1542,119,low,work,7,0,0.44,1,4,medium,high,0
1543,71,high,study,13,0,0.98,0,5,high,low,0
1544,60,high,work,6,1,0.73,0,0,high,low,1
1545,44,medium,study,3,0,0.53,0,4,high,low,1
1546,102,high,health,3,1,0.42,0,0,low,low,1
1547,44,high,health,5,0,0.78,1,6,low,low,1
1548,95,low,health,5,0,0.39,0,4,medium,medium,0
1549,37,low,work,8,1,0.34,1,4,high,medium,0
1550,10,high,personal,11,1,0.62,1,5,low,low,1
1551,151,medium,study,4,1,0.43,0,4,low,high,0
1552,84,low,health,7,0,0.7,0,0,low,high,1
1553,172,high,study,4,1,0.29,1,6,medium,medium,1
1554,96,high,work,1,0,0.72,1,5,high,medium,1
1555,101,medium,personal,5,0,0.43,0,2,medium,medium,0
1556,63,medium,work,8,1,0.2,0,6,high,high,0
1557,63,low,study,12,0,0.3,0,6,high,medium,0
1558,52,medium,personal,2,1,0.95,1,0,low,high,1
1559,173,high,personal,0,0,0.89,1,6,low,medium,1
1560,17,high,work,0,1,0.39,0,2,low,high,1
1561,111,medium,health,12,0,0.82,1,1,low,medium,0
1562,49,medium,study,2,0,0.69,0,5,low,medium,1
1563,93,medium,chores,9,1,0.98,1,1,high,high,1
1564,174,medium,chores,4,0,0.5,1,5,low,medium,1
1565,104,low,work,2,1,0.75,0,6,low,low,0
1566,159,medium,study,8,0,0.25,0,5,medium,high,1
1567,170,low,study,7,0,0.52,0,0,medium,medium,1
1568,11,high,work,2,0,0.97,1,2,high,high,1
1569,137,medium,study,8,1,0.63,1,5,high,medium,1
1570,49,low,health,12,1,0.43,0,2,medium,low,0
1571,62,medium,work,5,1,0.3,1,5,medium,medium,1
1572,35,high,health,12,1,0.76,0,2,low,medium,0
1573,27,high,study,6,1,0.72,1,1,low,low,0
1574,174,high,work,3,0,0.5,0,0,high,high,0
1575,142,medium,study,3,0,0.96,1,5,medium,medium,0
1576,164,medium,work,11,1,0.22,1,3,high,medium,1
1577,111,low,study,12,0,0.44,1,2,low,low,0
1578,162,high,health,1,0,0.94,1,2,high,high,1
1579,43,medium,health,4,0,0.46,0,3,high,high,0
1580,163,high,study,7,0,0.4,1,0,high,low,1
1581,86,high,work,6,1,0.63,0,2,low,low,1
1582,104,low,chores,6,0,0.86,0,0,high,medium,1
1583,6,low,health,5,1,0.28,0,2,low,low,0
1584,81,low,health,2,1,0.95,0,6,medium,low,1
1585,16,low,chores,4,0,0.84,1,4,high,low,0
1586,43,high,study,12,1,0.35,0,6,high,high,1
1587,17,low,work,0,0,0.77,1,2,low,low,0
1588,50,low,study,6,0,0.51,1,4,high,medium,1
1589,159,low,personal,8,0,0.52,1,5,low,medium,1
1590,117,low,health,0,1,0.83,1,0,high,medium,1
1591,21,high,personal,12,1,0.97,0,2,medium,low,1
1592,108,low,health,1,1,0.3,1,1,medium,high,0
1593,102,high,health,2,0,0.54,0,1,medium,low,0
1594,92,medium,personal,2,0,0.58,1,3,high,low,1
1595,113,high,personal,7,0,0.5,1,1,high,medium,1
1596,167,high,study,6,1,0.49,0,4,medium,low,1
1597,74,low,personal,5,0,0.24,1,1,medium,high,1
1598,162,medium,study,9,0,0.75,1,1,low,medium,1
1599,78,medium,study,9,1,0.55,1,1,low,high,1
1600,67,medium,study,10,1,0.36,1,2,medium,high,0
1601,160,medium,health,3,1,0.85,1,3,medium,high,0
1602,64,high,health,8,0,0.84,0,0,high,low,0
1603,83,medium,personal,0,0,0.59,1,3,medium,low,1
1604,41,high,health,10,0,0.44,1,4,low,low,1
1605,26,high,personal,1,1,0.71,0,2,low,low,0
1606,152,high,health,13,1,0.43,1,5,low,medium,1
1607,100,medium,work,3,1,0.39,0,2,low,low,0
1608,72,low,work,2,1,0.78,1,6,low,medium,1
1609,21,low,personal,0,0,0.23,1,1,low,high,0
1610,16,medium,health,4,0,0.28,0,1,medium,medium,0
1611,154,low,health,6,0,0.21,1,4,low,low,0
1612,149,low,study,1,0,0.32,1,5,low,medium,0
1613,142,high,chores,4,0,0.26,0,6,low,low,1
1614,122,high,personal,5,0,1.0,0,2,low,low,1
1615,26,medium,chores,10,0,0.43,1,5,medium,medium,1
1616,124,medium,chores,6,0,0.32,0,0,high,medium,0
1617,54,low,personal,0,1,0.39,1,3,high,high,1
1618,18,high,health,6,1,0.95,0,2,high,high,0
1619,179,medium,personal,3,0,0.62,1,5,high,high,1
1620,33,medium,chores,7,1,0.49,0,0,low,high,0
1621,168,medium,health,12,0,0.9,0,0,high,high,0
1622,129,medium,work,3,0,0.52,0,6,high,medium,1
1623,11,medium,personal,5,1,0.47,0,6,medium,high,1
1624,33,medium,personal,8,0,0.37,0,3,medium,medium,0
1625,143,low,health,4,0,0.5,0,0,medium,high,1
1626,37,high,work,13,0,0.45,0,4,low,low,0
1627,138,high,work,11,0,0.74,0,0,low,high,1
1628,115,medium,health,3,0,0.43,0,5,low,low,1
1629,83,high,study,7,0,0.66,1,6,medium,medium,1
1630,164,high,personal,12,0,0.25,0,4,high,high,0
1631,62,high,personal,8,1,0.35,1,6,medium,medium,0
1632,30,medium,chores,3,1,0.53,0,6,low,high,1
1633,178,medium,health,2,0,0.95,1,6,medium,medium,0
1634,33,high,chores,7,1,0.5,1,0,high,high,1
1635,8,high,chores,13,0,0.73,0,1,low,high,0
1636,103,medium,work,4,0,0.4,0,0,high,low,0
1637,145,low,personal,1,0,0.3,1,6,high,medium,0
1638,43,high,chores,9,0,0.25,1,4,low,medium,1
1639,19,low,work,8,1,0.44,0,0,high,medium,0
1640,123,high,health,2,1,0.33,0,6,medium,medium,0
1641,33,low,chores,11,1,0.34,0,6,high,medium,1
1642,161,low,personal,1,1,0.81,1,0,high,low,0
1643,79,low,chores,0,0,0.21,0,0,high,high,0
1644,120,medium,health,13,1,0.65,0,4,medium,low,1
1645,36,low,chores,7,0,0.5,0,0,high,medium,0
1646,134,low,personal,10,0,0.61,0,3,high,medium,1
1647,179,low,work,2,1,0.65,0,5,medium,high,0
1648,88,high,personal,6,0,0.45,1,3,low,low,0
1649,26,low,work,0,1,0.44,1,4,low,high,0
1650,31,high,study,0,1,0.79,0,1,low,high,1
1651,85,low,personal,11,1,0.9,0,3,high,low,1
1652,130,low,personal,8,1,0.35,1,6,low,high,0
1653,96,medium,health,11,1,0.28,0,5,medium,low,1
1654,25,high,chores,7,0,0.92,1,2,high,low,1
1655,51,low,work,11,1,0.48,0,5,high,medium,0
1656,105,high,work,12,1,0.64,1,3,high,high,1
1657,88,high,health,2,0,0.49,1,2,low,medium,1
1658,10,medium,health,5,1,0.3,0,4,low,high,1
1659,151,medium,chores,10,1,0.67,1,5,low,high,0
1660,135,medium,chores,2,0,0.62,0,1,high,medium,0
1661,5,medium,personal,12,0,0.36,1,2,medium,medium,0
1662,62,medium,study,11,1,0.56,0,2,high,medium,0
1663,128,medium,chores,3,0,0.84,0,5,medium,low,0
1664,170,medium,health,0,1,0.67,0,3,high,high,0
1665,19,medium,chores,4,0,0.28,1,2,medium,low,1
1666,166,low,work,0,1,0.64,0,4,high,high,1
1667,167,high,study,12,1,0.76,0,5,high,high,1
1668,68,medium,personal,0,1,0.83,0,4,medium,low,1
1669,29,medium,work,9,0,0.7,1,5,medium,low,1
1670,28,high,work,10,1,0.32,0,4,medium,high,0
1671,16,low,study,10,0,0.77,1,3,medium,medium,0
1672,22,high,personal,13,1,0.74,1,5,medium,medium,1
1673,19,high,health,6,1,0.22,1,6,medium,medium,1
1674,31,medium,personal,11,1,0.53,0,1,medium,medium,0
1675,76,high,chores,5,1,0.47,0,3,medium,high,1
1676,64,high,work,1,1,0.74,1,4,high,medium,1
1677,178,medium,chores,13,0,0.37,0,5,medium,medium,0
1678,149,medium,health,10,0,0.67,0,3,medium,medium,1
1679,97,medium,chores,11,0,0.93,1,4,high,high,1
1680,57,medium,personal,1,1,0.84,1,0,high,low,1
1681,12,high,chores,10,1,0.94,0,0,low,medium,1
1682,83,high,health,6,0,0.98,1,2,low,high,1
1683,31,low,health,0,1,0.21,0,1,medium,high,0
1684,178,low,health,12,1,0.7,1,0,medium,medium,0
1685,54,high,personal,1,1,0.53,0,6,low,low,1
1686,135,low,health,11,0,0.89,0,4,low,low,0
1687,97,high,work,7,0,0.4,1,3,medium,low,1
1688,176,low,health,5,0,0.98,0,5,low,high,1
1689,28,medium,chores,13,0,0.69,0,3,medium,medium,0
1690,64,low,chores,1,0,0.83,1,2,high,medium,1
1691,126,medium,chores,6,1,0.27,0,3,high,high,1
1692,135,medium,personal,3,1,0.35,0,0,low,medium,1
1693,152,medium,chores,1,1,0.81,0,3,high,medium,1
1694,50,medium,personal,11,1,0.22,1,0,high,low,0
1695,19,low,personal,5,0,0.85,1,0,high,medium,0
1696,157,high,health,10,0,0.21,1,1,high,medium,0
1697,21,medium,work,8,1,0.73,1,2,medium,high,1
1698,130,low,health,10,0,0.49,1,6,medium,high,0
1699,88,medium,health,8,1,0.69,0,6,low,low,1
1700,13,low,personal,13,1,0.76,0,4,high,high,1
1701,170,low,personal,7,1,0.47,0,6,high,low,1
1702,67,low,chores,2,1,0.29,1,0,high,low,1
1703,121,high,chores,2,0,0.26,0,5,low,medium,0
1704,134,low,health,1,1,0.67,1,2,medium,low,1
1705,92,low,study,4,0,0.62,0,4,high,medium,1
1706,76,high,study,13,1,0.79,1,6,medium,low,1
1707,143,high,chores,11,1,0.61,0,6,low,high,1
1708,68,low,study,13,1,0.54,0,5,medium,high,1
1709,76,high,chores,3,1,0.52,1,3,high,high,1
1710,25,medium,personal,6,0,0.22,0,2,medium,low,1
1711,22,medium,health,3,1,0.47,0,5,medium,low,0
1712,68,high,work,8,0,0.98,1,6,low,medium,0
1713,86,high,health,11,1,0.9,0,2,low,medium,1
1714,114,low,chores,11,1,0.46,0,2,low,medium,1
1715,99,high,chores,1,1,0.67,1,6,low,medium,1
1716,170,low,health,10,0,0.88,1,3,medium,low,0
1717,36,medium,chores,13,1,0.55,1,3,medium,low,0
1718,15,high,study,5,1,0.21,1,6,low,medium,1
1719,49,low,study,6,1,0.26,1,2,low,low,0
1720,37,low,chores,3,1,0.61,0,5,high,low,1
1721,106,medium,chores,12,1,0.98,1,1,high,low,1
1722,173,high,study,5,0,0.75,1,0,low,low,1
1723,140,medium,chores,6,0,0.26,0,3,medium,medium,1
1724,15,low,chores,3,1,0.35,0,6,low,medium,1
1725,92,low,health,7,1,0.82,0,1,medium,low,1
1726,45,high,work,8,0,0.87,0,3,medium,high,0
1727,149,low,study,0,1,0.69,0,2,high,medium,0
1728,80,high,health,6,0,0.72,1,6,low,medium,0
1729,125,medium,work,8,1,0.22,0,1,low,high,1
1730,50,high,chores,11,1,0.86,1,6,medium,medium,1
1731,164,high,chores,9,0,0.83,0,5,low,high,0
1732,84,low,health,4,1,0.41,1,5,high,high,1
1733,58,low,chores,11,0,0.77,0,4,high,low,0
1734,90,high,personal,1,0,0.37,1,0,low,medium,0
1735,96,low,health,9,0,0.23,1,0,low,high,0
1736,152,low,work,5,1,0.36,1,3,high,low,1
1737,165,low,health,11,0,0.34,1,0,low,medium,0
1738,172,high,study,11,0,0.47,1,6,medium,low,1
1739,164,low,health,6,1,0.53,1,6,low,low,1
1740,101,high,chores,1,1,0.61,1,4,medium,high,1
1741,6,low,chores,1,1,0.58,1,5,low,medium,1
1742,37,medium,personal,9,1,0.42,1,1,low,low,0
1743,162,low,personal,13,1,0.22,1,1,high,high,0
1744,165,low,personal,11,1,0.68,0,5,medium,high,0
1745,81,high,work,9,0,0.52,1,2,high,low,0
1746,120,high,personal,0,1,0.44,1,5,low,low,1
1747,158,low,work,3,0,0.89,0,1,high,high,0
1748,154,medium,personal,6,1,0.8,1,3,low,low,1
1749,107,low,work,13,0,0.89,1,4,low,low,0
1750,170,low,health,8,0,0.6,0,5,low,medium,0
1751,107,medium,health,2,1,0.3,0,2,medium,high,0
1752,94,high,chores,11,1,0.76,1,3,medium,low,1
1753,178,low,work,10,0,0.36,0,5,medium,high,0
1754,126,high,study,6,1,0.55,1,3,high,medium,1
1755,147,high,chores,6,1,0.25,1,5,low,high,1
1756,110,medium,health,6,0,0.86,1,3,high,high,0
1757,123,medium,work,1,0,0.3,0,6,high,high,1
1758,176,high,personal,5,0,0.92,1,0,low,medium,1
1759,53,low,study,1,1,0.89,1,3,high,medium,1
1760,108,high,health,5,1,0.57,0,6,low,high,1
1761,65,low,chores,12,1,0.8,1,0,low,high,0
1762,127,low,work,9,1,0.7,1,1,low,medium,0
1763,138,medium,study,2,0,0.84,1,0,low,low,0
1764,13,low,work,13,1,0.55,1,3,high,medium,1
1765,10,low,personal,1,0,0.83,1,4,high,high,0
1766,77,high,chores,11,1,0.57,1,4,high,low,1
1767,107,medium,work,13,1,0.95,0,1,medium,low,1
1768,164,low,health,5,0,0.59,1,3,high,low,0
1769,45,low,chores,1,1,0.57,1,0,high,medium,0
1770,118,medium,health,4,1,0.83,0,4,medium,medium,0
1771,12,high,work,1,0,0.86,1,5,low,medium,1
1772,76,medium,chores,2,1,0.64,1,2,low,medium,1
1773,96,medium,health,2,0,0.34,0,3,low,high,1
1774,66,low,personal,5,0,0.57,0,6,medium,low,0
1775,88,low,personal,5,0,0.97,0,6,high,high,0
1776,66,high,work,9,0,0.8,0,5,high,medium,1
1777,115,low,chores,2,1,0.85,0,5,high,medium,1
1778,131,low,study,2,1,0.23,0,3,high,high,1
1779,11,medium,chores,12,1,0.57,0,2,medium,low,0
1780,88,low,personal,11,0,0.72,1,4,high,low,0
1781,136,high,health,12,1,0.86,1,2,low,medium,1
1782,138,medium,study,0,1,0.24,1,1,medium,medium,0
1783,62,high,work,6,1,0.88,0,0,medium,medium,1
1784,26,medium,study,12,1,0.64,1,0,low,medium,0
1785,158,low,work,7,0,0.36,0,5,low,low,0
1786,131,medium,study,1,0,0.45,1,4,high,high,0
1787,7,medium,work,3,1,0.43,1,2,low,low,1
1788,131,low,work,9,0,0.62,1,5,medium,high,0
1789,45,low,study,6,1,0.24,1,3,medium,medium,0
1790,110,high,study,7,1,0.33,0,5,medium,medium,1
1791,18,high,work,0,1,0.85,0,3,high,high,1
1792,16,low,personal,3,0,0.31,1,3,high,medium,1
1793,91,low,study,5,1,0.39,0,1,low,low,1
1794,16,low,chores,2,0,0.56,0,1,high,medium,0
1795,145,medium,health,4,0,0.61,1,3,high,medium,1
1796,29,medium,work,9,1,0.81,0,4,medium,medium,0
1797,49,medium,work,8,0,0.56,0,1,medium,medium,0
1798,126,low,health,10,0,0.83,0,1,low,low,1
1799,151,high,personal,12,1,0.69,0,0,medium,high,1
1800,59,low,health,2,0,0.29,1,5,high,medium,0
1801,104,medium,study,4,0,0.33,1,0,low,medium,1
1802,177,medium,health,7,1,0.55,0,4,low,low,1
1803,140,low,work,5,1,0.52,1,1,medium,low,0
1804,123,low,health,3,0,0.79,1,6,medium,low,1
1805,57,medium,chores,7,1,0.66,1,1,medium,medium,0
1806,36,medium,study,10,1,0.51,0,2,low,high,0
1807,55,medium,health,2,0,0.34,0,4,medium,low,0
1808,48,low,work,2,0,0.38,1,6,high,low,1
1809,86,medium,study,3,1,0.66,1,5,low,low,1
1810,150,medium,work,8,0,0.54,0,5,medium,high,0
1811,154,high,personal,4,1,0.61,1,6,high,medium,1
1812,41,low,chores,7,1,0.34,0,5,high,medium,1
1813,100,high,personal,5,0,0.73,1,6,medium,medium,1
1814,60,high,chores,2,0,0.88,0,4,high,low,1
1815,109,medium,health,7,1,0.41,0,6,low,medium,1
1816,63,low,study,11,1,0.59,0,6,low,low,0
1817,135,medium,health,8,1,0.98,0,2,high,high,1
1818,160,low,chores,7,1,0.47,1,2,low,high,0
1819,39,high,chores,12,0,0.68,0,0,medium,medium,0
1820,97,low,chores,3,1,0.27,1,4,high,low,1
1821,101,medium,work,13,0,0.68,0,4,low,low,0
1822,139,medium,study,13,0,0.27,0,2,medium,medium,0
1823,80,medium,health,12,1,0.97,1,3,medium,high,1
1824,53,low,health,10,0,0.77,1,3,low,high,1
1825,98,high,personal,5,0,0.83,1,0,high,high,0
1826,163,high,chores,0,1,0.76,0,3,medium,high,0
1827,28,low,chores,3,0,0.67,0,3,medium,high,0
1828,152,medium,chores,7,0,0.56,1,3,medium,medium,0
1829,41,high,health,0,1,0.89,0,1,medium,medium,1
1830,8,medium,personal,2,1,0.97,1,0,high,medium,1
1831,112,low,work,0,1,0.6,0,2,low,high,1
1832,130,medium,study,8,1,0.95,0,3,low,high,1
1833,24,high,work,1,1,0.67,0,5,low,medium,1
1834,156,high,health,8,1,0.63,1,6,medium,medium,1
1835,54,medium,chores,12,1,0.56,0,1,high,high,0
1836,100,low,study,3,0,0.37,1,3,low,low,1
1837,109,medium,health,1,0,0.2,1,6,high,medium,1
1838,168,low,health,3,1,0.39,0,6,low,high,0
1839,121,medium,health,11,0,0.61,1,1,medium,high,0
1840,102,high,study,10,0,0.5,1,0,low,medium,1
1841,70,low,study,10,1,0.56,0,5,medium,low,1
1842,83,low,personal,9,0,0.98,1,5,medium,high,0
1843,166,low,personal,5,1,0.48,1,5,low,medium,0
1844,168,high,work,10,0,0.56,0,3,high,high,1
1845,10,medium,study,6,1,0.31,0,1,medium,high,1
1846,43,high,study,2,0,0.24,0,5,high,high,1
1847,174,low,study,2,0,0.82,1,6,low,high,0
1848,119,medium,personal,11,0,0.66,1,6,medium,low,0
1849,129,high,health,9,1,0.81,0,4,high,medium,1
1850,16,low,chores,11,0,0.32,1,4,medium,medium,1
1851,135,low,personal,7,0,0.66,0,1,low,medium,1
1852,22,high,study,4,1,0.4,0,3,medium,medium,1
1853,44,high,personal,3,1,0.38,0,3,low,medium,0
1854,25,high,work,6,0,0.21,1,0,high,low,1
1855,147,low,study,6,0,0.3,1,0,medium,high,1
1856,103,high,work,12,0,0.45,0,5,high,high,1
1857,30,low,study,8,0,0.29,0,2,low,medium,1
1858,12,high,personal,8,1,0.99,1,6,low,high,1
1859,104,low,health,4,0,0.45,0,0,high,high,0
1860,91,low,chores,12,0,0.3,1,3,high,high,0
1861,46,medium,work,11,1,0.36,0,6,low,medium,0
1862,176,high,personal,12,0,0.67,0,2,high,medium,1
1863,18,high,health,7,0,0.25,1,0,low,low,1
1864,82,low,personal,9,0,0.89,1,1,high,medium,1
1865,6,low,work,0,1,0.97,1,4,low,low,0
1866,123,low,chores,8,1,0.4,1,0,low,medium,1
1867,41,medium,personal,7,0,0.56,1,0,medium,high,1
1868,73,medium,study,5,0,0.22,0,1,low,low,1
1869,170,low,health,12,1,0.71,0,3,low,low,0
1870,45,high,personal,2,0,0.53,1,5,medium,low,0
1871,66,high,health,2,0,0.42,1,1,medium,medium,1
1872,64,medium,study,7,1,0.37,0,5,high,low,0
1873,129,medium,chores,4,1,0.72,0,0,high,medium,0
1874,115,low,chores,9,1,0.53,1,3,low,low,1
1875,18,high,study,10,0,0.34,1,2,high,medium,1
1876,88,low,health,13,0,0.75,0,0,high,low,0
1877,134,medium,personal,6,0,0.65,1,1,low,high,1
1878,74,high,study,4,0,0.89,0,2,medium,high,0
1879,149,high,work,7,1,0.29,0,4,medium,low,1
1880,127,medium,health,9,0,0.83,1,2,low,medium,0
1881,93,low,chores,9,0,0.74,0,1,low,medium,0
1882,32,low,study,3,1,0.29,0,6,low,medium,0
1883,70,high,chores,1,1,0.76,0,2,low,high,1
1884,167,medium,health,2,0,0.55,1,1,low,high,0
1885,9,high,chores,7,1,0.96,0,6,low,high,0
1886,172,medium,study,10,1,0.31,1,0,high,medium,1
1887,168,low,health,12,0,0.71,0,6,high,medium,0
1888,49,medium,work,6,0,0.51,0,3,high,medium,1
1889,155,low,study,12,0,0.97,0,4,medium,low,1
1890,51,medium,personal,1,0,0.46,0,6,low,low,0
1891,35,high,study,5,1,0.97,0,3,low,low,1
1892,143,low,health,8,1,0.92,1,3,high,high,0
1893,14,high,study,3,0,0.42,1,3,medium,high,0
1894,122,high,work,8,0,0.84,0,6,high,medium,0
1895,18,low,work,1,1,1.0,1,1,low,low,1
1896,84,low,personal,1,0,0.4,1,1,low,medium,0
1897,97,high,chores,8,0,0.55,0,4,high,low,1
1898,14,high,health,11,0,0.62,1,1,high,low,0
1899,80,high,health,6,0,0.44,1,5,low,medium,0
1900,98,high,chores,6,1,0.21,1,1,high,medium,1
1901,109,low,work,0,0,0.38,1,1,low,low,0
1902,5,low,work,12,1,0.43,0,1,high,low,0
1903,137,high,study,10,0,0.55,1,0,medium,high,1
1904,24,medium,personal,5,0,0.34,0,4,low,medium,0
1905,12,medium,personal,12,1,0.9,0,5,medium,medium,0
1906,175,low,personal,6,0,0.76,1,1,high,medium,0
1907,5,high,study,10,1,0.27,0,4,medium,medium,1
1908,61,high,personal,13,0,0.72,1,2,high,low,1
1909,68,low,chores,5,0,0.72,0,0,medium,high,0
1910,122,medium,study,5,0,0.96,1,6,medium,medium,1
1911,32,medium,chores,1,0,0.2,1,1,medium,low,0
1912,125,medium,study,5,0,0.4,0,5,low,low,0
1913,111,low,personal,3,1,0.94,1,0,medium,low,1
1914,169,medium,chores,8,1,0.95,1,5,high,low,1
1915,179,low,chores,11,0,0.78,1,6,high,low,0
1916,169,low,chores,0,0,0.81,1,6,low,medium,0
1917,53,high,study,12,1,0.27,0,0,low,medium,1
1918,124,medium,health,7,1,0.61,0,2,high,high,1
1919,48,low,personal,4,0,0.39,0,4,medium,medium,1
1920,60,medium,chores,0,0,0.34,1,0,high,low,0
1921,160,medium,health,3,1,0.85,0,3,low,high,0
1922,115,high,personal,0,0,0.31,1,6,low,low,1
1923,138,medium,personal,5,1,0.57,1,2,high,low,0
1924,112,high,chores,1,0,0.95,1,6,medium,medium,0
1925,152,low,chores,4,1,0.35,0,3,medium,low,1
1926,118,medium,study,6,1,0.98,0,2,low,medium,1
1927,82,low,health,1,0,1.0,0,6,high,low,1
1928,134,medium,health,5,1,0.64,0,3,high,high,0
1929,41,low,chores,5,0,0.34,1,3,low,low,0
1930,24,medium,personal,4,0,0.45,0,6,high,medium,1
1931,30,medium,chores,4,0,0.54,0,6,low,low,0
1932,33,medium,personal,13,0,0.45,0,5,medium,medium,0
1933,5,medium,personal,2,1,0.42,0,0,medium,medium,0
1934,123,medium,chores,9,0,0.98,1,0,high,high,1
1935,39,medium,work,9,0,0.32,0,2,medium,medium,0
1936,63,medium,health,10,0,0.79,0,4,medium,high,0
1937,73,medium,personal,11,0,0.2,0,6,low,high,0
1938,165,medium,personal,1,1,0.68,1,5,low,low,1
1939,16,low,work,6,0,0.93,0,0,high,high,1
1940,24,high,study,0,1,0.43,0,0,low,medium,1
1941,47,medium,work,5,1,0.35,0,5,high,medium,1
1942,130,high,work,5,1,0.72,1,1,high,high,1
1943,54,medium,personal,2,0,0.77,1,5,low,low,1
1944,33,medium,health,1,0,0.75,0,0,medium,high,0
1945,43,low,work,11,0,0.46,0,4,medium,high,0
1946,175,low,study,1,0,0.4,1,1,medium,medium,1
1947,155,high,chores,13,1,0.96,1,3,medium,low,1
1948,176,low,work,12,1,0.94,1,5,high,low,1
1949,42,low,work,8,0,0.57,1,3,medium,low,0
1950,88,high,study,10,0,0.88,1,1,high,low,1
1951,155,low,health,4,0,0.56,0,1,low,medium,1
1952,132,medium,work,6,0,0.54,0,1,low,low,0
1953,130,high,work,11,0,0.33,0,2,high,low,1
1954,49,high,health,4,0,0.54,0,5,medium,low,0
1955,56,medium,study,6,0,0.63,1,6,high,medium,0
1956,84,low,work,12,1,0.22,1,4,medium,medium,0
1957,128,high,health,3,1,0.56,1,4,medium,low,1
1958,123,high,work,7,1,0.83,1,3,high,medium,1
1959,12,medium,chores,12,1,0.74,1,3,high,high,1
1960,89,medium,personal,10,0,0.71,0,6,medium,low,0
1961,133,low,chores,13,0,0.93,0,3,high,medium,1
1962,12,high,work,9,0,0.21,0,5,medium,low,0
1963,161,low,study,12,0,0.65,0,0,high,low,1
1964,100,low,personal,10,0,0.83,0,3,low,medium,0
1965,106,medium,chores,9,1,0.63,1,1,medium,high,0
1966,9,high,health,6,0,0.46,1,3,low,low,0
1967,90,high,study,9,1,0.31,1,1,high,high,1
1968,179,high,chores,4,0,0.91,1,2,low,medium,1
1969,38,medium,health,10,1,0.58,1,0,high,low,1
1970,59,medium,work,5,0,0.9,0,0,medium,medium,1
1971,123,medium,health,4,1,0.67,0,6,high,medium,1
1972,175,medium,chores,6,0,0.74,0,5,high,medium,1
1973,162,medium,chores,11,0,0.84,1,5,medium,medium,0
1974,118,high,work,1,0,0.73,1,4,high,low,1
1975,149,low,health,4,0,0.52,1,2,medium,high,1
1976,30,high,health,9,1,0.61,1,6,high,high,1
1977,140,low,work,2,0,0.84,0,5,medium,low,1
1978,51,medium,health,8,1,0.5,1,1,low,low,1
1979,117,low,work,12,0,0.51,0,2,high,high,0
1980,80,high,study,5,1,0.28,1,0,high,high,1
1981,76,high,chores,12,0,0.93,0,1,high,low,1
1982,93,low,study,9,0,0.27,1,6,medium,medium,0
1983,50,medium,personal,2,1,0.72,1,6,high,low,1
1984,37,medium,personal,6,0,0.53,0,2,medium,high,1
1985,5,high,personal,3,0,0.52,0,0,high,medium,0
1986,151,low,work,13,1,0.74,1,5,low,high,1
1987,35,medium,health,2,0,0.25,0,1,high,medium,0
1988,146,medium,study,7,1,0.67,1,1,low,high,0
1989,57,high,study,12,0,0.82,1,0,medium,medium,1
1990,52,medium,study,3,1,0.86,0,1,low,low,1
1991,73,low,study,10,1,0.34,1,5,high,low,0
1992,109,high,personal,0,1,0.92,1,5,high,medium,1
1993,94,high,study,5,1,0.72,0,5,medium,medium,1
1994,67,low,health,9,0,0.91,1,0,high,low,1
1995,77,high,personal,10,0,0.59,1,3,high,low,0
1996,165,medium,study,10,1,0.63,1,3,medium,medium,1
1997,173,medium,work,0,0,0.94,1,6,medium,medium,0
1998,93,low,chores,4,0,0.92,0,6,low,low,1
1999,17,medium,chores,6,0,0.56,0,1,medium,high,1
2000,77,low,chores,5,1,0.42,0,5,high,low,1
